Date,universe_size,up4,down4,ratio5,ratio10,q_up25,q_dn25,m_up25,m_dn25,m_up50,m_dn50,d34_up13,d34_dn13,t2108,nikkei225,nikkei225_chg_pct,topix_etf,topix_etf_chg_pct
2024-01-10,2803,68,41,2.445,2.447,244,118,47,13,10,1,497,104,77.429,34441.719,2.01,255.6,1.348
2024-01-11,2797,67,38,2.347,2.558,303,92,65,11,8,1,450,111,78.346,35049.859,1.766,259.6,1.565
2024-01-12,2817,65,89,1.368,2.574,369,78,78,8,10,1,428,147,74.511,35577.109,1.504,260.85,0.482
2024-01-15,2806,79,45,2.15,2.616,325,97,69,9,10,1,442,168,76.338,35901.789,0.913,262.1,0.479
2024-01-16,2809,135,104,1.306,2.087,305,105,94,11,20,1,408,162,72.335,35619.18,-0.787,262.15,0.019
2024-01-17,2814,69,178,0.914,1.49,245,124,78,15,13,1,360,217,67.818,35477.75,-0.397,260.85,-0.496
2024-01-18,2812,92,57,0.93,1.463,267,110,99,14,22,1,366,213,68.211,35466.172,-0.033,260.55,-0.115
2024-01-19,2813,141,39,1.22,1.287,268,115,92,14,20,0,382,180,69.79,35963.27,1.402,262.45,0.729
2024-01-22,2829,261,7,1.813,1.94,360,78,124,7,25,0,489,149,77.872,36546.949,1.623,266.35,1.486
2024-01-23,2834,57,43,1.914,1.613,396,70,98,6,18,0,443,150,76.319,36517.57,-0.08,265.95,-0.15
2024-01-24,2836,99,41,3.476,1.661,358,69,96,7,18,0,430,124,75.894,36226.48,-0.797,264.4,-0.583
2024-01-25,2834,122,25,4.387,1.783,360,65,108,8,21,0,474,132,79.794,36236.469,0.028,264.7,0.113
2024-01-26,2826,46,85,2.91,1.764,375,54,98,6,16,1,497,110,76.893,35751.07,-1.34,261.2,-1.322
2024-01-29,2831,112,38,1.879,1.838,400,52,110,9,25,0,483,113,81.044,36026.941,0.772,264.35,1.206
2024-01-30,2834,81,64,1.818,1.872,462,38,110,7,25,1,560,97,78.546,36065.859,0.108,264.35,0.0
2024-01-31,2826,109,44,1.836,2.528,449,49,105,7,20,2,768,73,80.477,36286.711,0.612,267.0,1.002
2024-02-01,2832,79,151,1.118,2.061,425,57,99,13,12,0,598,97,75.053,36011.461,-0.759,264.95,-0.768
2024-02-02,2826,123,31,1.537,2.059,490,46,106,11,13,0,705,81,76.466,36158.02,0.407,265.75,0.302
2024-02-05,2837,140,40,1.612,1.722,465,46,105,13,15,0,760,83,79.426,36354.16,0.542,267.85,0.79
2024-02-06,2827,75,97,1.449,1.601,493,48,95,13,21,0,816,79,74.662,36160.66,-0.532,265.65,-0.821
2024-02-07,2822,88,72,1.292,1.507,450,57,83,14,21,2,777,92,72.197,36119.922,-0.113,266.8,0.433
2024-02-08,2821,76,85,1.545,1.314,432,62,83,17,22,2,776,88,68.661,36863.281,2.058,268.15,0.506
2024-02-09,2814,103,135,1.124,1.303,390,79,82,18,17,2,665,108,63.812,36897.422,0.093,267.6,-0.205
2024-02-13,2840,271,143,1.152,1.328,391,92,106,21,17,2,754,111,67.327,37963.969,2.891,273.55,2.223
2024-02-14,2860,132,270,0.95,1.12,383,111,121,19,21,2,737,134,57.549,37703.32,-0.687,270.3,-1.188
2024-02-15,2868,168,346,0.766,0.916,417,134,114,31,22,2,654,185,49.79,38157.941,1.206,271.6,0.481
2024-02-16,2878,326,69,1.038,1.166,425,117,151,21,38,2,773,142,57.023,38487.238,0.863,275.0,1.252
2024-02-19,2888,397,44,1.484,1.365,461,92,186,18,43,1,903,116,64.119,38470.379,-0.044,276.35,0.491
2024-02-20,2887,128,51,1.476,1.345,453,77,164,18,46,1,837,140,63.728,38363.609,-0.278,276.25,-0.036
2024-02-21,2885,61,140,1.662,1.292,441,75,130,34,32,3,730,180,60.799,38262.16,-0.264,274.85,-0.507
2024-02-22,2889,124,64,2.815,1.326,438,84,145,36,33,3,742,191,61.85,39098.68,2.186,278.6,1.364
2024-02-26,2896,291,31,3.033,1.548,497,65,169,29,40,1,705,187,63.834,39233.711,0.345,279.85,0.449
2024-02-27,2899,166,45,2.326,1.716,485,63,167,29,40,1,751,159,65.217,39239.52,0.015,280.2,0.125
2024-02-28,2895,146,58,2.331,1.734,512,62,193,28,43,1,708,171,66.114,39208.031,-0.08,279.9,-0.107
2024-02-29,2876,92,96,2.786,2.012,472,75,170,29,44,1,691,188,63.387,39166.191,-0.107,280.5,0.214
2024-03-01,2876,87,91,2.436,2.639,459,79,173,32,43,1,685,202,61.961,39910.82,1.901,283.45,1.052
2024-03-04,2884,126,94,1.607,2.266,404,88,166,33,48,1,686,211,57.524,40109.23,0.497,283.45,0.0
2024-03-05,2887,156,60,1.521,1.886,453,84,205,27,60,1,680,212,58.746,40097.629,-0.029,284.85,0.494
2024-03-06,2885,210,31,1.804,2.055,482,68,216,22,63,1,743,177,63.05,40090.781,-0.017,285.85,0.351
2024-03-07,2887,86,166,1.505,2.016,473,69,173,29,56,1,762,157,60.049,39598.711,-1.227,284.5,-0.472
2024-03-08,2892,127,117,1.506,1.885,463,68,206,29,50,1,788,163,63.045,39688.941,0.228,285.1,0.211
2024-03-11,2903,46,415,0.792,1.059,378,69,150,37,36,1,626,202,52.568,38820.488,-2.188,279.15,-2.087
2024-03-12,2887,196,28,0.878,1.1,412,74,161,26,38,1,594,213,57.227,38797.512,-0.059,277.95,-0.43
2024-03-13,2880,46,119,0.593,0.963,436,65,155,30,38,1,562,243,52.849,38695.969,-0.262,277.2,-0.27
2024-03-14,2870,112,57,0.716,1.012,412,74,128,27,33,1,570,234,57.706,38807.379,0.288,278.85,0.595
2024-03-15,2848,71,127,0.631,0.969,453,66,112,27,27,1,532,258,58.152,38707.641,-0.257,279.6,0.269
2024-03-18,2849,242,38,1.808,1.116,559,47,146,11,29,1,652,191,64.243,39740.441,2.668,284.95,1.913
2024-03-19,2846,129,39,1.579,1.113,544,47,119,13,27,2,664,205,68.847,40003.602,0.662,288.0,1.07
2024-03-21,2861,198,26,2.62,1.107,631,38,110,10,25,1,748,176,72.298,40815.66,2.03,292.75,1.649
2024-03-22,2868,83,45,2.629,1.236,633,39,111,16,22,2,728,175,72.426,40888.43,0.178,294.65,0.649
2024-03-25,2878,82,71,3.352,1.249,664,39,118,12,29,2,714,160,69.983,40414.121,-1.16,290.75,-1.324
2024-03-26,2886,69,81,2.141,1.946,645,45,115,10,22,2,700,184,69.997,40398.031,-0.04,291.4,0.224
2024-03-27,2886,48,56,1.72,1.639,673,46,85,24,15,1,663,190,72.519,40762.73,0.903,292.9,0.515
2024-03-28,2891,79,130,0.943,1.661,630,48,74,24,12,2,676,178,66.251,40168.07,-1.459,290.85,-0.7
2024-03-29,2884,141,31,1.136,1.773,688,46,75,21,14,3,744,164,71.865,40369.441,0.501,292.35,0.516
2024-04-01,2880,69,206,0.806,1.577,629,43,66,26,15,2,668,174,65.774,39803.09,-1.403,287.25,-1.744
2024-04-02,2867,41,250,0.562,1.004,552,54,56,30,12,3,585,206,55.556,39838.91,0.09,286.4,-0.296
2024-04-03,2856,44,96,0.525,0.861,574,63,44,41,8,4,516,226,53.981,39451.852,-0.972,285.75,-0.227
2024-04-04,2846,73,56,0.576,0.713,573,63,48,50,6,5,595,178,55.086,39773.141,0.814,288.65,1.015
2024-04-05,2837,35,109,0.365,0.627,481,67,36,60,4,5,604,141,51.783,38992.078,-1.964,285.4,-1.126
2024-04-08,2832,115,33,0.566,0.681,496,77,51,54,9,5,535,167,55.108,39347.039,0.91,288.1,0.946
2024-04-09,2825,120,33,1.183,0.765,519,74,54,35,7,3,508,189,58.682,39773.129,1.083,290.75,0.92
2024-04-10,2818,90,34,1.634,0.825,458,78,73,15,12,3,497,184,59.218,39581.809,-0.481,289.65,-0.378
2024-04-11,2811,85,77,1.556,0.879,468,76,69,30,13,4,533,171,57.194,39442.629,-0.352,290.15,0.173
2024-04-12,2812,83,81,1.911,0.774,444,89,86,28,12,1,513,179,56.853,39523.551,0.205,291.6,0.5
2024-04-15,2805,87,106,1.405,0.883,430,98,81,30,13,1,469,273,54.64,39232.801,-0.736,290.45,-0.394
2024-04-16,2806,36,316,0.621,0.816,355,107,57,32,10,2,326,332,40.671,38471.199,-1.941,284.6,-2.014
2024-04-17,2795,40,134,0.464,0.78,326,112,45,48,10,0,260,377,33.823,37961.801,-1.324,281.15,-1.212
2024-04-18,2784,133,28,0.57,0.866,340,98,46,43,12,1,309,323,39.317,38079.699,0.311,282.8,0.587
2024-04-19,2790,16,342,0.337,0.68,294,127,30,73,7,2,237,397,27.207,37068.352,-2.656,277.45,-1.892
2024-04-22,2773,187,31,0.484,0.742,333,89,29,52,6,0,293,336,36.614,37438.609,0.999,281.4,1.424
2024-04-23,2761,80,21,0.82,0.715,345,85,34,48,7,1,295,340,38.487,37552.16,0.303,280.4,-0.355
2024-04-24,2743,130,31,1.205,0.751,351,85,35,40,8,0,276,332,44.359,38460.078,2.418,285.95,1.979
2024-04-25,2727,26,153,0.76,0.658,286,118,30,50,6,1,231,337,37.265,37628.48,-2.162,281.5,-1.556
2024-04-26,2742,80,83,1.577,0.655,289,106,28,42,7,1,225,333,38.761,37934.762,0.814,283.3,0.639
2024-04-30,2737,186,50,1.485,0.769,323,101,28,38,7,0,371,231,48.237,38405.66,1.241,289.3,2.118
2024-05-01,2730,64,95,1.18,0.973,287,101,32,35,8,0,327,278,44.53,38274.051,-0.343,288.15,-0.398
2024-05-02,2721,61,46,0.977,1.094,307,102,40,32,8,0,333,254,42.847,38236.07,-0.099,288.4,0.087
2024-05-07,2715,197,24,1.973,1.172,311,89,47,20,8,0,330,221,48.055,38835.102,1.567,290.1,0.589
2024-05-08,2714,56,65,2.014,1.781,302,91,47,18,10,0,301,200,43.678,38202.371,-1.629,286.2,-1.344
2024-05-09,2717,92,84,1.497,1.491,298,104,50,22,12,0,276,261,47.296,38073.98,-0.336,286.6,0.14
2024-05-10,2720,119,133,1.491,1.323,320,84,49,29,10,0,257,298,46.393,38229.109,0.407,288.1,0.523
2024-05-13,2722,202,173,1.39,1.195,320,93,49,24,10,0,247,331,47.559,38179.461,-0.13,287.85,-0.087
2024-05-14,2734,174,150,1.063,1.363,305,90,44,26,11,0,231,334,47.312,38356.059,0.463,288.25,0.139
2024-05-15,2750,123,271,0.875,1.168,291,99,44,32,9,0,234,392,41.069,38385.73,0.077,288.75,0.173
2024-05-16,2752,125,222,0.783,0.96,284,112,49,38,7,1,233,454,37.724,38920.262,1.393,289.15,0.139
2024-05-17,2746,148,51,0.89,1.064,302,112,59,36,8,2,245,447,40.374,38787.379,-0.341,290.25,0.38
2024-05-20,2738,174,24,1.036,1.178,336,98,91,17,15,1,269,364,46.25,39069.68,0.728,292.8,0.879
2024-05-21,2734,55,91,0.948,1.003,304,109,103,18,14,2,243,469,44.183,38946.93,-0.314,291.7,-0.376
2024-05-22,2727,51,100,1.133,0.972,313,103,87,26,15,2,260,453,40.738,38617.102,-0.847,289.3,-0.823
2024-05-23,2732,68,94,1.378,0.947,337,104,105,21,18,2,301,399,41.324,39103.219,1.259,291.3,0.691
2024-05-24,2731,52,92,0.998,0.924,290,124,87,31,14,2,304,390,39.162,38646.109,-1.169,289.65,-0.566
2024-05-27,2726,113,52,0.79,0.944,259,142,92,29,16,2,311,381,42.494,38900.02,0.657,292.5,0.984
2024-05-28,2728,100,41,1.013,0.972,261,142,101,39,19,1,340,342,41.587,38855.371,-0.115,292.65,0.051
2024-05-29,2712,24,240,0.688,0.904,239,139,92,47,19,1,270,465,35.02,38556.871,-0.768,289.8,-0.974
2024-05-30,2714,70,68,0.728,1.002,234,144,93,47,21,2,258,510,35.807,38054.129,-1.304,288.05,-0.604
2024-05-31,2712,259,25,1.329,1.168,266,151,94,38,17,1,310,423,45.696,38487.898,1.14,295.0,2.413
2024-06-03,2713,103,44,1.33,1.057,262,154,106,39,20,2,335,392,48.21,38923.031,1.131,295.85,0.288
2024-06-04,2716,138,55,1.375,1.206,235,148,107,35,17,1,331,370,50.516,38837.461,-0.22,294.75,-0.372
2024-06-05,2714,39,125,1.921,1.156,209,150,82,40,17,1,293,402,45.002,38490.172,-0.894,290.45,-1.459
2024-06-06,2712,43,87,1.732,1.135,202,170,82,47,15,1,352,335,42.709,38703.512,0.554,291.4,0.327
2024-06-07,2700,104,22,1.282,1.308,229,150,89,37,20,1,417,265,45.013,38683.93,-0.051,291.25,-0.051
2024-06-10,2687,146,33,1.46,1.386,233,145,96,25,25,1,413,254,51.732,39038.16,0.916,294.25,1.03
2024-06-11,2676,62,34,1.309,1.348,217,162,75,25,22,1,511,191,51.047,39134.789,0.248,293.65,-0.204
2024-06-12,2658,64,45,1.896,1.911,217,162,68,29,20,1,435,238,50.565,38876.711,-0.659,291.15,-0.851
2024-06-13,2624,58,91,1.929,1.811,190,158,66,17,16,0,386,277,43.385,38720.469,-0.402,288.5,-0.91
2024-06-14,2631,247,47,2.308,1.722,271,131,70,11,14,0,406,277,53.004,38814.559,0.243,290.3,0.624
2024-06-17,2619,76,127,1.474,1.467,245,148,67,13,14,0,434,271,46.104,38102.441,-1.835,285.3,-1.722
2024-06-18,2614,107,47,1.546,1.438,262,128,55,18,14,0,427,251,49.522,38482.109,0.996,287.1,0.631
2024-06-19,2615,68,59,1.499,1.647,248,130,58,18,11,0,371,275,52.028,38570.762,0.23,288.65,0.54
2024-06-20,2621,87,49,1.778,1.839,245,122,53,14,11,0,402,259,52.214,38633.02,0.161,288.25,-0.139
2024-06-21,2628,79,50,1.256,1.708,212,134,55,11,12,0,379,240,50.933,38596.469,-0.095,287.95,-0.104
2024-06-24,2634,84,28,1.824,1.615,206,132,57,6,13,0,365,257,56.627,38804.648,0.539,289.65,0.59
2024-06-25,2643,125,19,2.161,1.77,212,129,62,6,13,0,439,210,65.102,39173.148,0.95,294.75,1.761
2024-06-26,2642,81,26,2.651,1.864,212,127,69,7,14,0,427,180,67.058,39667.07,1.261,296.0,0.424
2024-06-27,2635,106,37,2.969,2.168,228,107,111,2,17,0,459,171,67.92,39341.539,-0.821,295.05,-0.321
2024-06-28,2638,50,64,2.563,1.706,213,116,100,1,17,0,397,163,67.084,39583.078,0.614,296.85,0.61
2024-07-01,2646,64,100,1.732,1.777,194,113,63,7,18,0,376,158,67.41,39631.059,0.121,298.55,0.573
2024-07-02,2647,60,57,1.271,1.644,205,119,58,7,15,1,419,121,69.414,40074.691,1.119,301.9,1.122
2024-07-03,2647,91,29,1.293,1.802,201,132,62,7,15,2,457,92,71.418,40580.762,1.263,304.7,0.927
2024-07-04,2647,73,43,1.154,1.795,218,115,67,7,17,1,435,96,73.081,40913.648,0.82,306.9,0.722
2024-07-05,2650,64,38,1.318,1.81,254,103,78,6,17,1,357,125,67.145,40912.371,-0.003,304.5,-0.782
2024-07-08,2646,80,47,1.72,1.726,259,87,76,7,14,1,364,118,63.034,40780.699,-0.322,303.5,-0.328
2024-07-09,2648,76,49,1.864,1.52,251,91,63,13,12,1,422,103,65.369,41580.172,1.96,300.5,-0.988
2024-07-10,2656,50,68,1.4,1.342,259,91,58,15,11,1,408,100,60.799,41831.988,0.606,302.4,0.632
2024-07-11,2657,76,38,1.442,1.283,261,84,59,14,15,0,474,78,67.395,42224.02,0.937,304.4,0.661
2024-07-12,2666,183,52,1.831,1.568,241,81,64,10,14,0,477,65,72.051,41190.68,-2.447,300.7,-1.216
2024-07-16,2673,134,67,1.894,1.818,256,79,78,6,13,1,505,83,72.901,41275.078,0.205,301.2,0.166
2024-07-17,2673,126,54,2.039,1.965,270,68,87,5,15,1,648,54,76.753,41097.691,-0.43,302.5,0.432
2024-07-18,2674,43,147,1.57,1.501,240,73,65,4,12,0,572,57,71.67,40126.352,-2.363,297.5,-1.653
2024-07-19,2677,57,80,1.358,1.389,244,79,66,5,14,0,433,91,67.117,40063.789,-0.156,295.2,-0.773
2024-07-22,2682,29,193,0.719,1.074,255,73,56,12,9,0,347,128,56.063,39599.0,-1.16,293.35,-0.627
2024-07-23,2679,68,21,0.653,1.095,301,66,55,9,12,0,347,113,59.7,39594.391,-0.012,294.3,0.324
2024-07-24,2666,38,121,0.418,0.956,253,81,51,13,12,1,328,114,47.685,39154.852,-1.11,289.7,-1.563
2024-07-25,2670,25,285,0.31,0.736,254,71,49,22,13,2,292,154,35.137,37869.512,-3.283,281.75,-2.744
2024-07-26,2665,60,52,0.327,0.712,219,80,41,31,10,1,269,166,34.915,37667.41,-0.534,283.0,0.444
2024-07-29,2659,244,23,0.867,0.79,246,74,40,26,12,2,300,151,48.886,38468.629,2.127,286.3,1.166
2024-07-30,2674,52,121,0.696,0.676,214,84,41,31,17,2,258,172,41.757,38525.949,0.149,285.7,-0.21
2024-07-31,2671,209,61,1.089,0.747,264,65,44,24,11,0,318,143,53.739,39101.82,1.495,290.05,1.523
2024-08-01,2694,37,831,0.553,0.458,183,99,37,35,13,1,232,213,30.477,38126.328,-2.495,280.6,-3.258
2024-08-02,2720,7,2008,0.18,0.207,110,211,22,100,7,2,98,620,8.819,35909.699,-5.814,263.45,-6.112
2024-08-05,2783,4,2642,0.055,0.121,44,807,10,980,4,8,36,1875,2.2,31458.42,-12.396,234.95,-10.818
2024-08-06,2817,2316,41,0.461,0.484,78,463,14,416,5,5,71,1239,5.556,34675.461,10.226,249.15,6.044
2024-08-07,2831,682,51,0.547,0.595,91,410,17,284,5,3,85,1087,7.123,35089.621,1.194,258.4,3.713
2024-08-08,2836,179,129,0.654,0.636,92,393,21,281,7,3,97,1138,7.711,34831.148,-0.737,255.4,-1.161
2024-08-09,2838,346,99,1.191,0.679,105,357,24,231,7,2,104,1006,9.965,35025.0,0.557,258.1,1.057
2024-08-13,2839,685,67,10.873,0.747,124,252,28,144,9,3,135,821,14.377,36232.512,3.448,264.7,2.557
2024-08-14,2844,251,66,5.201,0.787,122,222,25,133,10,4,126,824,17.342,36442.43,0.579,267.7,1.133
2024-08-15,2847,190,100,3.581,0.778,117,218,24,134,9,4,143,815,18.908,36726.641,0.78,269.75,0.766
2024-08-16,2857,445,20,5.446,0.977,141,150,25,93,9,2,156,669,25.903,38062.672,3.638,278.3,3.17
2024-08-19,2851,67,166,3.909,1.528,136,136,29,98,8,2,144,776,22.823,37388.621,-1.771,274.2,-1.473
2024-08-20,2847,328,12,3.519,7.309,161,114,41,58,9,1,194,610,30.848,38062.922,1.803,277.05,1.039
2024-08-21,2846,61,64,3.014,4.178,140,147,42,46,9,1,181,668,29.416,37951.801,-0.292,276.45,-0.217
2024-08-22,2846,132,27,3.574,3.579,157,127,41,51,8,1,211,684,32.583,38211.012,0.683,277.5,0.38
2024-08-23,2833,83,36,2.2,3.939,170,116,48,42,8,2,204,682,35.608,38364.27,0.401,278.9,0.505
2024-08-26,2844,245,39,4.77,4.166,197,105,65,28,9,0,247,611,39.31,38110.219,-0.662,276.05,-1.022
2024-08-27,2839,161,31,3.462,3.499,229,87,76,30,11,0,274,505,46.241,38288.621,0.468,278.0,0.706
2024-08-28,2828,51,85,3.083,3.04,211,98,57,37,9,0,254,554,45.11,38371.762,0.217,279.4,0.504
2024-08-29,2828,61,75,2.259,2.944,204,108,69,37,9,1,263,531,45.11,38362.531,-0.024,279.55,0.054
2024-08-30,2820,126,22,2.556,2.361,240,68,70,34,9,1,265,515,49.218,38647.75,0.743,281.1,0.554
2024-09-02,2782,92,77,1.693,2.863,221,65,80,21,13,0,209,550,48.271,38700.871,0.137,281.7,0.213
2024-09-03,2715,186,38,1.737,2.425,215,76,209,12,28,0,235,505,55.002,38686.309,-0.038,283.4,0.603
2024-09-04,2674,7,825,0.455,0.912,165,118,759,3,117,0,161,797,37.144,37047.609,-4.236,273.0,-3.67
2024-09-05,2648,82,47,0.489,0.858,160,120,315,7,58,0,176,712,38.342,36657.09,-1.054,272.25,-0.275
2024-09-06,2645,33,113,0.364,0.772,154,124,198,9,31,0,158,756,35.582,36391.469,-0.725,269.5,-1.01
2024-09-09,2645,66,57,0.346,0.631,160,124,174,10,29,0,188,694,34.937,36215.75,-0.483,268.15,-0.501
2024-09-10,2625,96,32,0.264,0.584,162,141,158,8,30,0,199,727,36.999,36159.16,-0.156,267.35,-0.298
2024-09-11,2623,25,342,0.511,0.475,134,188,81,15,17,1,175,769,29.27,35619.77,-1.492,262.8,-1.702
2024-09-12,2609,387,15,1.086,0.702,158,145,90,13,15,1,255,485,39.017,36833.27,3.407,269.1,2.397
2024-09-13,2595,68,94,1.189,0.635,157,156,67,15,13,0,232,519,35.83,36581.762,-0.683,266.5,-0.966
2024-09-17,2594,64,103,1.092,0.609,173,160,54,30,10,0,196,673,38.586,36203.219,-1.035,265.8,-0.263
2024-09-18,2588,73,37,1.044,0.541,159,174,55,20,8,0,225,560,42.702,36380.172,0.489,265.9,0.038
2024-09-19,2593,209,11,3.081,1.296,189,125,59,17,10,0,223,532,52.28,37155.328,2.131,271.6,2.144
2024-09-20,2596,112,32,1.899,1.355,186,125,55,11,9,0,312,309,58.51,37723.91,1.53,274.1,0.92
2024-09-24,2588,74,84,1.993,1.455,180,132,46,21,11,1,552,135,59.83,37940.59,0.574,275.65,0.565
2024-09-25,2592,53,47,2.469,1.457,172,132,43,21,7,1,1783,18,61.645,37870.262,-0.185,275.15,-0.181
2024-09-26,2599,206,25,3.286,1.609,202,111,42,23,4,1,1127,37,75.587,38925.629,2.787,281.9,2.453
2024-09-27,2606,175,39,2.731,2.918,200,104,39,19,9,2,1012,34,79.271,39829.559,2.322,286.15,1.508
2024-09-30,2613,39,506,0.78,1.097,151,159,29,24,7,2,792,52,64.127,37919.551,-4.795,276.7,-3.302
2024-10-01,2614,170,18,1.013,1.303,154,133,43,15,7,1,789,48,74.244,38651.969,1.932,282.0,1.915
2024-10-02,2611,24,199,0.78,1.137,130,176,25,20,8,1,483,85,64.023,37808.762,-2.182,277.35,-1.649
2024-10-03,2602,103,12,0.66,1.197,139,158,29,16,7,2,480,88,67.436,38552.059,1.966,280.85,1.262
2024-10-04,2583,48,27,0.504,1.015,143,148,28,19,6,1,445,85,68.978,38635.621,0.217,282.15,0.463
2024-10-07,2585,120,18,1.697,1.038,154,139,50,13,11,1,379,107,72.794,39332.738,1.804,287.6,1.932
2024-10-08,2585,29,136,0.827,0.942,141,170,42,16,7,0,367,120,60.991,38937.539,-1.005,283.3,-1.495
2024-10-09,2577,74,28,1.692,0.98,149,166,54,13,8,0,309,153,59.899,39277.961,0.874,283.45,0.053
2024-10-10,2572,30,53,1.149,0.784,140,168,55,13,8,0,301,152,56.476,39380.891,0.262,284.5,0.37
2024-10-11,2569,47,48,1.06,0.655,147,168,50,21,9,1,254,178,52.765,39605.801,0.571,283.55,-0.334
2024-10-15,2578,109,47,0.926,1.287,147,151,75,13,11,1,265,148,58.091,39910.551,0.769,285.0,0.511
2024-10-16,2571,40,105,1.068,0.927,141,164,55,18,8,0,225,211,50.661,39180.301,-1.83,282.45,-0.895
2024-10-17,2559,51,39,0.949,1.269,133,183,49,23,8,1,202,251,48.749,38911.191,-0.687,281.55,-0.319
2024-10-18,2563,46,45,1.032,1.088,111,203,49,14,6,0,203,218,47.991,38981.75,0.181,281.75,0.071
2024-10-21,2555,95,26,1.302,1.176,102,200,49,12,6,0,200,204,47.867,38954.602,-0.07,281.0,-0.266
2024-10-22,2558,22,171,0.658,0.778,82,257,26,21,5,0,141,299,35.457,38411.961,-1.393,277.95,-1.085
2024-10-23,2555,20,86,0.638,0.824,80,253,23,22,7,1,115,322,29.796,38104.859,-0.799,276.55,-0.504
2024-10-24,2557,38,39,0.602,0.756,88,232,25,21,6,1,105,384,28.213,38143.289,0.101,276.4,-0.054
2024-10-25,2542,14,100,0.448,0.683,81,229,21,24,8,1,120,281,20.347,37913.922,-0.601,274.5,-0.687
2024-10-28,2535,250,10,0.847,1.025,99,186,28,21,8,1,172,218,32.305,38605.531,1.824,278.7,1.53
2024-10-29,2525,134,16,1.817,1.115,118,135,26,18,9,1,227,144,39.952,38903.68,0.772,281.0,0.825
2024-10-30,2561,89,72,2.215,1.257,145,113,38,12,11,0,246,134,41.073,39277.391,0.961,283.85,1.014
2024-10-31,2557,95,54,2.31,1.297,147,112,36,15,7,0,263,144,47.333,39081.25,-0.499,281.8,-0.722
2024-11-01,2561,56,224,1.66,1.019,116,154,34,18,8,0,292,131,36.648,38053.672,-2.629,277.3,-1.597
2024-11-05,2562,95,50,1.127,0.989,117,133,30,21,11,0,227,180,40.431,38474.898,1.107,277.6,0.108
2024-11-06,2560,175,39,1.162,1.4,117,126,34,20,10,0,299,152,46.455,39480.672,2.614,284.75,2.576
2024-11-07,2567,149,42,1.394,1.695,155,95,36,18,11,0,381,129,55.117,39381.41,-0.251,287.1,0.825
2024-11-08,2579,99,115,1.221,1.601,294,58,40,18,8,0,358,131,50.778,39500.371,0.302,286.6,-0.174
2024-11-11,2586,137,121,1.785,1.721,891,18,53,25,11,0,310,177,49.36,39533.32,0.083,287.2,0.209
2024-11-12,2582,100,86,1.638,1.379,489,32,66,23,12,0,300,210,49.67,39376.09,-0.398,286.9,-0.104
2024-11-13,2588,85,143,1.124,1.142,403,39,63,23,15,1,285,225,46.705,38721.66,-1.662,283.8,-1.081
2024-11-14,2604,93,165,0.816,1.043,375,45,63,35,11,1,297,272,42.18,38535.699,-0.48,283.25,-0.194
2024-11-15,2625,114,154,0.791,0.968,330,42,63,22,8,0,244,358,42.164,38642.91,0.278,284.2,0.335
2024-11-18,2630,98,72,0.79,1.16,263,64,76,24,13,0,220,402,41.854,38220.852,-1.092,282.3,-0.669
2024-11-19,2636,156,19,0.987,1.262,252,65,88,17,18,1,315,266,44.593,38414.43,0.506,284.2,0.673
2024-11-20,2631,70,43,1.172,1.147,243,68,87,21,18,1,271,324,44.733,38352.34,-0.162,283.1,-0.387
2024-11-21,2639,84,34,1.621,1.088,210,82,115,14,22,0,328,247,44.998,38026.172,-0.85,281.1,-0.706
2024-11-22,2637,108,39,2.493,1.193,239,71,137,13,22,0,329,261,48.441,38283.852,0.678,282.45,0.48
2024-11-25,2639,93,27,3.154,1.28,204,82,150,11,26,1,333,257,49.392,38780.141,1.296,284.3,0.655
2024-11-26,2640,46,84,1.767,1.214,213,89,164,12,28,0,270,310,48.822,38442.0,-0.872,282.3,-0.703
2024-11-27,2653,42,101,1.309,1.225,185,97,123,20,19,1,297,301,41.534,38134.969,-0.799,279.75,-0.903
2024-11-28,2607,72,40,1.241,1.44,191,94,110,23,17,1,287,300,45.308,38349.059,0.561,281.9,0.769
2024-11-29,2594,75,39,1.127,1.695,185,107,99,28,18,2,321,285,45.342,38208.031,-0.368,280.45,-0.514
2024-12-02,2599,88,60,0.997,1.716,179,119,102,26,17,2,331,257,47.762,38513.02,0.798,284.5,1.444
2024-12-03,2618,87,29,1.353,1.542,194,103,121,22,21,1,333,273,54.462,39248.859,1.911,287.9,1.195
2024-12-04,2619,52,90,1.45,1.376,180,106,103,24,20,2,328,256,48.162,39276.391,0.07,286.75,-0.399
2024-12-05,2602,70,41,1.436,1.333,182,124,99,28,18,3,341,253,49.518,39395.602,0.304,286.95,0.07
2024-12-06,2604,50,46,1.305,1.212,179,127,88,33,18,2,336,262,48.672,39091.172,-0.773,285.8,-0.401
2024-12-09,2607,129,33,1.623,1.263,167,135,81,27,20,1,366,258,54.154,39160.5,0.177,286.7,0.315
2024-12-10,2617,61,59,1.346,1.349,211,99,73,20,15,0,421,200,53.985,39367.578,0.529,287.1,0.14
2024-12-11,2614,68,37,1.75,1.586,218,98,80,21,17,1,470,187,54.371,39372.23,0.012,288.45,0.47
2024-12-12,2617,68,37,1.774,1.588,254,94,75,17,16,0,497,186,57.449,39849.141,1.211,290.6,0.745
2024-12-13,2618,70,54,1.8,1.529,249,89,68,12,19,0,542,173,54.573,39470.441,-0.95,288.05,-0.878
2024-12-16,2629,80,105,1.188,1.384,240,107,61,11,20,0,460,232,53.392,39457.488,-0.033,286.85,-0.417
2024-12-17,2637,87,62,1.264,1.303,279,90,67,13,21,0,398,283,50.247,39364.68,-0.235,285.45,-0.488
2024-12-18,2646,99,48,1.32,1.498,243,109,65,14,18,0,403,282,48.203,39081.711,-0.719,285.25,-0.07
2024-12-19,2653,57,61,1.191,1.419,258,107,64,19,17,0,384,309,47.792,38813.578,-0.686,284.45,-0.28
2024-12-20,2663,73,92,1.076,1.347,248,104,56,23,16,0,402,265,44.549,38701.898,-0.288,283.05,-0.492
2024-12-23,2676,104,74,1.246,1.219,252,111,55,27,15,0,401,274,48.205,39161.34,1.187,285.95,1.025
2024-12-24,2688,67,65,1.176,1.217,219,123,48,38,17,1,366,279,47.339,39036.852,-0.318,286.15,0.07
2024-12-25,2700,72,28,1.166,1.241,200,146,51,29,16,1,325,305,48.11,39130.43,0.24,286.15,0.0
2024-12-26,2722,99,39,1.393,1.287,214,124,65,25,20,0,335,278,53.716,39568.059,1.118,290.15,1.398
2024-12-27,2729,170,23,2.236,1.521,244,104,67,18,19,0,355,224,64.807,40281.16,1.802,294.3,1.43
2024-12-30,2738,109,31,2.78,1.792,202,112,76,20,22,0,350,193,65.898,39894.539,-0.96,291.9,-0.815
2025-01-06,2748,105,161,1.968,1.535,192,135,77,16,23,0,337,197,58.096,39307.051,-1.473,289.0,-0.993
2025-01-07,2751,124,24,2.183,1.639,219,90,77,15,24,0,362,152,60.437,40083.301,1.975,292.75,1.298
2025-01-08,2757,79,81,1.834,1.621,195,109,75,17,22,0,356,135,55.325,39981.059,-0.255,290.75,-0.683
2025-01-09,2752,53,101,1.181,1.566,207,93,60,15,20,0,321,149,48.634,39605.09,-0.94,287.15,-1.238
2025-01-10,2754,71,43,1.054,1.592,188,103,63,16,22,0,282,172,45.832,39190.398,-1.047,284.75,-0.836
2025-01-14,2757,54,159,0.934,1.357,172,123,59,21,19,0,252,211,37.927,38474.301,-1.827,281.6,-1.106
2025-01-15,2752,90,92,0.729,1.265,151,133,60,21,17,0,244,237,38.63,38444.578,-0.077,282.6,0.355
2025-01-16,2758,75,68,0.741,1.188,171,130,64,22,17,0,222,270,35.649,38572.602,0.333,282.25,-0.124
2025-01-17,2752,63,56,0.844,1.009,169,136,68,24,22,1,212,286,34.451,38451.461,-0.314,280.95,-0.461
2025-01-20,2740,136,29,1.035,1.044,183,108,65,19,19,1,253,227,42.287,38902.5,1.173,284.45,1.246
2025-01-21,2731,58,45,1.455,1.15,191,103,68,19,19,1,289,200,43.509,39027.98,0.323,284.7,0.088
2025-01-22,2729,123,22,2.068,1.152,195,100,71,13,18,1,302,187,47.145,39646.25,1.584,287.4,0.948
2025-01-23,2721,53,60,2.042,1.15,207,90,55,16,18,2,298,204,45.975,39958.871,0.789,288.85,0.505
2025-01-24,2708,179,21,3.102,1.516,222,79,73,12,21,0,309,162,51.93,39931.98,-0.067,288.55,-0.104
2025-01-27,2688,100,69,2.364,1.499,229,67,68,10,22,0,306,160,59.574,39565.801,-0.917,289.45,0.312
2025-01-28,2680,99,51,2.484,1.903,231,71,79,12,19,0,340,127,63.865,39016.871,-1.387,289.2,-0.086
2025-01-29,2673,103,32,2.292,2.183,288,56,80,12,20,0,351,123,64.985,39414.781,1.02,291.45,0.778
2025-01-30,2689,84,139,1.811,1.905,296,51,80,6,17,1,350,112,62.926,39513.969,0.252,292.0,0.189
2025-01-31,2691,104,59,1.4,1.972,304,53,72,10,15,2,313,137,63.126,39572.488,0.148,292.5,0.171
2025-02-03,2689,54,297,0.768,1.204,300,60,57,15,15,3,263,164,47.325,38520.09,-2.659,285.35,-2.444
2025-02-04,2677,106,37,0.8,1.277,279,68,57,20,19,1,286,157,49.211,38798.371,0.722,287.3,0.683
2025-02-05,2673,112,40,0.804,1.235,270,75,58,17,17,2,284,149,52.408,38831.48,0.085,288.1,0.278
2025-02-06,2667,128,51,1.041,1.343,276,75,61,18,14,2,332,126,59.351,39066.531,0.605,289.05,0.33
2025-02-07,2673,96,70,1.002,1.167,255,74,67,20,17,2,340,118,60.248,38787.02,-0.715,287.3,-0.605
2025-02-10,2686,192,64,2.42,1.283,301,56,81,10,19,2,412,112,62.388,38801.172,0.036,287.0,-0.104
2025-02-12,2693,175,80,2.305,1.328,321,59,95,14,27,2,435,114,62.561,38963.699,0.419,286.95,-0.017
2025-02-13,2704,159,93,2.095,1.301,316,58,116,8,28,0,483,88,68.785,39461.469,1.278,290.35,1.185
2025-02-14,2710,136,197,1.504,1.277,281,65,126,9,31,1,494,109,62.973,39149.43,-0.791,289.55,-0.276
2025-02-17,2731,211,181,1.42,1.233,303,68,154,8,32,0,491,157,61.199,39174.25,0.063,290.45,0.311
2025-02-18,2739,143,47,1.378,1.695,302,61,175,11,35,1,543,144,62.77,39270.398,0.245,291.2,0.258
2025-02-19,2750,110,69,1.293,1.639,298,61,147,13,34,1,556,152,61.255,39164.609,-0.269,290.45,-0.258
2025-02-20,2758,62,89,1.136,1.501,287,54,139,14,32,1,497,205,55.289,38678.039,-1.242,286.9,-1.222
2025-02-21,2756,77,92,1.262,1.386,272,47,127,17,29,1,401,266,52.965,38776.941,0.256,287.25,0.122
2025-02-25,2760,59,116,1.092,1.288,250,49,118,20,35,1,370,262,51.017,38237.789,-1.39,286.1,-0.4
2025-02-26,2764,49,81,0.799,1.13,249,42,98,26,28,1,367,244,48.695,38142.371,-0.25,285.45,-0.227
2025-02-27,2766,97,57,0.791,1.079,244,47,101,23,24,1,361,239,53.114,38256.172,0.298,287.45,0.701
2025-02-28,2773,40,193,0.597,0.877,223,63,79,30,26,1,326,292,46.14,37155.5,-2.877,281.35,-2.122
2025-03-03,2729,202,23,0.951,1.108,239,62,81,30,27,1,412,206,55.405,37785.469,1.695,286.65,1.884
2025-03-04,2724,53,108,0.955,1.019,225,75,73,36,24,1,407,238,52.79,37331.18,-1.202,284.55,-0.733
2025-03-05,2708,83,51,1.1,0.947,217,77,66,36,22,1,466,181,56.019,37418.238,0.233,285.3,0.264
2025-03-06,2708,115,35,1.202,0.991,226,69,90,24,18,1,508,154,61.766,37704.93,0.766,288.85,1.244
2025-03-07,2707,33,122,1.434,0.92,232,67,74,32,16,1,489,177,56.8,36887.172,-2.169,284.45,-1.523
2025-03-10,2707,78,55,0.976,0.962,218,62,70,35,18,0,493,160,56.578,37028.27,0.383,283.75,-0.246
2025-03-11,2706,50,74,1.065,1.001,205,67,63,38,19,0,396,206,51.238,36793.109,-0.635,280.7,-1.075
2025-03-12,2697,141,25,1.341,1.201,214,55,71,30,15,0,420,185,55.749,36819.09,0.071,283.1,0.855
2025-03-13,2694,46,36,1.115,1.165,206,67,62,39,15,1,391,200,55.811,36790.031,-0.079,283.8,0.247
2025-03-14,2677,122,18,2.101,1.687,248,61,70,36,16,3,441,187,59.268,37053.102,0.715,285.6,0.634
2025-03-17,2672,136,38,2.592,1.525,246,56,64,30,17,2,442,193,64.096,37396.52,0.927,288.55,1.033
2025-03-18,2660,85,36,3.464,1.814,265,42,70,21,16,1,447,176,68.748,37845.422,1.2,292.45,1.352
2025-03-19,2661,80,52,2.606,1.804,270,46,58,22,11,1,437,169,70.0,37751.879,-0.247,293.55,0.376
2025-03-21,2676,77,59,2.463,1.647,272,48,50,23,13,1,440,187,69.97,37677.059,-0.198,294.35,0.273
2025-03-24,2682,77,55,1.896,1.991,269,48,48,23,12,1,416,191,66.592,37608.488,-0.182,293.35,-0.34
2025-03-25,2696,67,27,1.686,2.098,275,48,49,22,14,1,410,176,69.959,37780.539,0.457,293.9,0.187
2025-03-26,2711,73,30,1.677,2.404,286,50,58,14,12,1,529,116,72.932,38027.289,0.653,295.6,0.578
2025-03-27,2728,51,70,1.432,1.933,286,53,53,14,9,1,511,137,73.101,37799.969,-0.598,295.15,-0.152
2025-03-28,2749,65,101,1.177,1.714,284,55,57,15,10,1,455,158,68.197,37120.328,-1.798,292.65,-0.847
2025-03-31,2757,29,525,0.378,0.745,241,80,39,22,8,2,323,269,47.621,35617.559,-4.048,282.4,-3.502
2025-04-01,2768,37,125,0.3,0.594,230,80,42,19,8,2,289,295,44.175,35624.48,0.019,282.2,-0.071
2025-04-02,2760,33,98,0.234,0.516,218,83,30,29,7,2,250,326,37.264,35725.871,0.285,281.6,-0.213
2025-04-03,2773,24,537,0.136,0.328,182,112,28,35,5,2,174,443,24.052,34735.93,-2.771,273.0,-3.054
2025-04-04,2799,18,1498,0.051,0.155,124,163,22,77,3,2,92,798,11.981,33780.578,-2.75,263.3,-3.553
2025-04-07,2848,3,2501,0.024,0.073,63,452,10,417,3,2,42,1550,2.812,31136.58,-7.827,243.25,-7.615
2025-04-08,2872,2331,3,0.52,0.485,100,232,25,83,4,1,72,890,10.108,33012.578,6.025,257.9,6.023
2025-04-09,2872,31,850,0.447,0.416,84,373,22,184,4,1,63,1231,7.633,31714.029,-3.933,249.2,-3.373
2025-04-10,2879,2165,6,0.936,0.758,129,209,25,53,7,1,116,707,21.21,34609.0,9.128,270.15,8.407
2025-04-11,2887,208,113,1.364,0.78,143,194,31,57,8,1,151,666,21.845,33585.578,-2.957,261.7,-3.128
2025-04-14,2904,203,35,4.904,0.876,165,186,39,46,8,1,189,563,26.956,33982.359,1.181,264.0,0.879
2025-04-15,2911,139,56,2.591,0.905,176,177,35,50,8,0,192,494,27.898,34267.539,0.839,266.75,1.042
2025-04-16,2923,69,152,7.691,0.903,186,197,37,73,7,1,208,536,27.768,33920.398,-1.013,264.75,-0.75
2025-04-17,2927,131,50,1.847,1.006,194,168,35,62,8,0,194,493,30.651,34377.602,1.348,268.55,1.435
2025-04-18,2934,331,15,2.834,1.484,261,111,41,45,10,1,292,330,42.794,34730.281,1.026,271.45,1.08
2025-04-21,2957,110,60,2.342,4.267,255,111,44,50,8,1,258,403,43.356,34279.922,-1.297,268.3,-1.16
2025-04-22,2970,80,59,2.146,2.484,260,113,43,49,8,1,268,349,45.562,34220.602,-0.173,268.9,0.224
2025-04-23,2986,122,37,3.502,6.103,278,97,38,42,5,1,280,320,50.034,34868.629,1.894,273.95,1.878
2025-04-24,2986,74,80,2.857,2.233,219,102,31,34,4,1,207,337,48.403,35039.148,0.489,274.8,0.31
2025-04-25,2988,143,31,1.981,2.438,238,84,33,18,5,1,248,235,52.67,35705.738,1.902,279.0,1.528
2025-04-28,2993,131,55,2.099,2.235,243,95,37,15,7,0,275,228,56.64,35839.988,0.376,281.4,0.86
2025-04-30,3006,126,40,2.453,2.275,272,93,43,12,10,1,341,200,60.134,36045.379,0.573,283.45,0.729
2025-05-01,3013,72,76,1.936,2.624,229,99,51,7,8,0,287,235,57.628,36452.301,1.129,284.5,0.37
2025-05-02,3002,63,56,2.074,2.46,206,99,43,6,9,1,265,234,57.205,36830.691,1.038,285.15,0.228
2025-05-07,2978,127,38,1.958,1.97,215,93,70,3,11,1,271,246,61.902,36779.66,-0.139,286.4,0.438
2025-05-08,2916,69,42,1.813,1.959,201,100,129,2,18,1,249,279,62.431,36928.629,0.405,286.5,0.035
2025-05-09,2907,158,56,1.825,2.123,210,86,743,1,70,1,257,254,70.225,37503.328,1.556,290.15,1.274
2025-05-12,2929,213,95,2.195,2.067,227,80,279,1,33,1,268,247,73.192,37644.262,0.376,291.4,0.431
2025-05-13,2930,139,101,2.127,2.103,250,50,488,1,52,1,265,227,72.961,38183.262,1.432,294.5,1.064
2025-05-14,2953,169,143,1.712,1.805,269,59,206,2,37,1,282,244,68.956,38128.129,-0.144,293.2,-0.441
2025-05-15,2964,165,192,1.438,1.551,254,76,206,2,39,1,276,304,64.533,37755.512,-0.977,290.55,-0.904
2025-05-16,2987,238,157,1.343,1.478,256,93,203,4,41,1,301,333,65.759,37753.719,-0.005,291.0,0.155
2025-05-19,3009,174,90,1.296,1.562,275,85,191,5,35,1,327,331,67.0,37498.629,-0.676,290.85,-0.052
2025-05-20,3007,106,72,1.303,1.58,253,104,234,4,44,1,323,325,63.688,37529.488,0.082,290.4,-0.155
2025-05-21,2997,93,83,1.306,1.478,231,112,186,8,39,1,402,203,63.767,37298.98,-0.614,290.15,-0.086
2025-05-22,2975,112,49,1.603,1.51,204,109,171,8,38,1,436,193,62.803,36985.871,-0.839,288.25,-0.655
2025-05-23,2943,71,101,1.408,1.367,209,97,167,11,26,0,478,151,65.089,37160.469,0.472,290.6,0.815
2025-05-26,2923,134,21,1.583,1.389,215,79,189,6,34,0,687,77,69.376,37531.531,0.999,292.2,0.551
2025-05-27,2924,114,18,1.926,1.486,221,78,194,6,38,0,1115,28,73.288,37724.109,0.513,294.45,0.77
2025-05-28,2931,80,42,2.212,1.56,208,77,186,7,42,0,1987,7,73.907,37722.398,-0.005,294.5,0.017
2025-05-29,2912,99,49,2.156,1.79,244,66,170,7,32,0,1356,27,76.04,38432.98,1.884,298.45,1.341
2025-05-30,2901,117,37,3.257,1.957,258,56,171,8,34,1,1699,14,77.571,37965.102,-1.217,297.25,-0.402
2025-06-02,2892,92,79,2.231,1.848,283,54,164,11,33,0,1099,41,75.77,37470.672,-1.302,294.8,-0.824
2025-06-03,2886,87,41,1.915,1.921,300,47,173,7,38,0,1086,44,75.442,37446.809,-0.064,294.3,-0.17
2025-06-04,2877,110,26,2.177,2.194,302,52,199,7,41,0,1034,57,75.757,37747.449,0.803,295.6,0.442
2025-06-05,2877,69,71,1.87,2.006,339,42,165,12,42,0,954,58,72.348,37554.488,-0.511,292.5,-1.049
2025-06-06,2863,67,72,1.471,2.125,282,54,161,18,39,0,1015,64,71.758,37741.609,0.498,294.2,0.581
2025-06-09,2856,135,29,1.958,2.091,323,47,151,17,40,0,972,65,70.568,38088.57,0.919,295.7,0.51
2025-06-10,2839,116,26,2.219,2.059,327,36,139,16,45,0,812,85,70.568,38211.512,0.323,295.45,-0.085
2025-06-11,2815,124,36,2.184,2.18,309,36,142,16,37,1,881,83,73.018,38421.191,0.549,296.1,0.22
2025-06-12,2794,118,28,2.932,2.326,357,29,154,14,41,1,862,85,71.311,38173.09,-0.646,295.45,-0.22
2025-06-13,2768,41,177,1.804,1.639,325,38,125,11,38,2,704,110,63.015,37834.25,-0.888,292.45,-1.015
2025-06-16,2747,162,33,1.87,1.909,380,34,120,8,33,1,756,95,65.501,38311.328,1.261,295.0,0.872
2025-06-17,2745,158,28,1.997,2.091,370,29,137,4,37,1,744,84,67.773,38536.738,0.588,295.45,0.153
2025-06-18,2735,104,55,1.816,1.971,380,27,138,7,32,1,711,85,70.801,38885.148,0.904,298.35,0.982
2025-06-19,2735,84,64,1.538,2.024,365,37,140,10,38,1,682,103,68.398,38488.34,-1.02,296.35,-0.67
2025-06-20,2729,61,92,2.092,1.942,323,45,125,11,31,1,678,112,64.076,38403.23,-0.221,294.4,-0.658
2025-06-23,2731,82,73,1.567,1.716,304,51,132,7,32,1,672,117,60.857,38354.09,-0.128,293.15,-0.425
2025-06-24,2731,140,42,1.445,1.71,323,54,138,6,29,1,678,102,64.372,38790.559,1.138,295.15,0.682
2025-06-25,2725,84,58,1.371,1.591,325,46,124,8,30,1,679,99,63.45,38942.07,0.391,295.35,0.068
2025-06-26,2728,61,70,1.278,1.412,334,39,116,8,28,1,629,113,66.276,39584.578,1.65,297.85,0.846
2025-06-27,2733,94,79,1.432,1.734,330,36,112,6,25,1,590,102,70.252,40150.789,1.43,302.1,1.427
2025-06-30,2739,126,35,1.778,1.668,324,39,104,4,26,1,590,99,72.107,40487.391,0.838,303.0,0.298
2025-07-01,2736,60,138,1.118,1.269,317,44,99,5,25,0,518,97,65.899,39986.328,-1.238,300.9,-0.693
2025-07-02,2728,37,166,0.775,1.015,301,45,74,7,17,0,484,83,64.589,39762.48,-0.56,300.0,-0.299
2025-07-03,2727,70,57,0.815,1.006,352,35,67,11,14,0,432,76,62.816,39785.898,0.059,300.4,0.133
2025-07-04,2729,75,39,0.846,1.095,379,30,65,9,16,0,432,88,62.624,39810.879,0.063,300.8,0.133
2025-07-07,2719,108,41,0.794,1.179,404,23,75,9,17,0,446,76,62.376,39587.68,-0.561,298.5,-0.765
2025-07-08,2713,126,13,1.316,1.208,528,14,74,6,21,0,525,75,67.084,39688.809,0.255,299.55,0.352
2025-07-09,2712,159,16,3.241,1.401,757,9,82,4,24,0,600,60,72.788,39821.281,0.334,293.75,-1.936
2025-07-10,2718,70,44,3.516,1.473,1331,4,71,7,20,0,573,57,70.199,39646.359,-0.439,291.5,-0.766
2025-07-11,2725,88,63,3.113,1.502,882,9,65,9,21,0,547,54,73.248,39569.68,-0.193,293.25,0.6
2025-07-14,2723,86,58,2.727,1.384,1101,8,87,6,22,1,520,59,74.036,39459.621,-0.278,293.3,0.017
2025-07-15,2727,41,149,1.345,1.331,720,12,71,10,20,1,497,82,69.014,39678.02,0.553,293.4,0.034
2025-07-16,2728,69,45,0.986,1.699,711,14,63,18,16,1,451,81,66.349,39663.398,-0.037,292.75,-0.222
2025-07-17,2725,101,23,1.139,1.88,694,13,76,17,17,1,471,82,70.374,39901.191,0.6,295.0,0.769
2025-07-18,2732,45,80,0.963,1.679,652,17,77,16,18,1,438,82,65.311,39819.109,-0.206,294.4,-0.203
2025-07-22,2731,102,41,1.059,1.667,693,19,78,12,20,1,452,88,65.982,39774.922,-0.111,294.35,-0.017
2025-07-23,2742,241,31,2.536,1.822,716,17,88,10,21,1,477,67,75.457,41171.32,3.511,304.0,3.278
2025-07-24,2748,85,32,2.773,1.64,660,19,76,13,22,1,553,58,78.965,41826.34,1.591,309.3,1.743
2025-07-25,2744,74,45,2.389,1.644,695,19,92,14,22,1,573,57,78.313,41456.23,-0.885,306.2,-1.002
2025-07-28,2744,107,62,2.886,1.68,684,18,88,10,25,1,547,61,78.882,40998.27,-1.105,304.3,-0.621
2025-07-29,2749,48,75,2.265,1.566,625,20,82,8,23,1,517,75,75.529,40674.551,-0.79,301.9,-0.789
2025-07-30,2744,80,55,1.465,1.947,636,18,90,11,18,1,498,82,77.749,40654.699,-0.049,303.3,0.464
2025-07-31,2747,128,38,1.589,2.098,642,19,95,12,25,0,571,87,81.204,41069.82,1.021,305.6,0.758
2025-08-01,2753,103,80,1.503,1.879,639,20,111,5,28,0,745,66,83.352,40799.602,-0.658,306.4,0.262
2025-08-04,2758,60,52,1.397,2.012,592,21,117,9,25,0,618,77,81.236,40290.699,-1.247,302.8,-1.175
2025-08-05,2759,108,39,1.814,2.031,625,20,127,9,29,0,657,75,82.297,40549.539,0.642,305.1,0.76
2025-08-06,2771,132,47,2.074,1.762,684,17,138,7,34,0,711,80,84.22,40794.859,0.605,308.5,1.114
2025-08-07,2774,116,60,1.867,1.729,673,19,135,8,31,0,760,75,84.382,41059.148,0.648,310.4,0.616
2025-08-08,2790,125,115,1.728,1.616,677,21,130,11,33,0,846,75,84.076,41820.48,1.854,314.0,1.16
2025-08-12,2824,178,124,1.712,1.574,644,21,144,9,26,0,946,66,82.599,42718.172,2.147,318.4,1.401
2025-08-13,2848,106,65,1.599,1.683,595,20,150,10,26,0,950,93,82.289,43274.672,1.303,321.1,0.848
2025-08-14,2857,128,84,1.458,1.682,577,19,154,14,33,2,912,82,80.59,42649.262,-1.445,317.7,-1.059
2025-08-15,2881,194,120,1.439,1.59,598,22,194,10,45,1,908,88,78.455,43378.309,1.709,322.9,1.637
2025-08-18,2892,216,31,1.939,1.849,667,16,217,8,50,1,946,68,82.871,43714.309,0.775,324.0,0.341
2025-08-19,2898,108,50,2.149,1.92,665,16,215,8,44,1,963,76,83.777,43546.289,-0.384,323.7,-0.093
2025-08-20,2900,73,127,1.745,1.672,634,17,216,7,46,0,1013,74,81.583,42888.551,-1.51,322.0,-0.525
2025-08-21,2913,125,42,1.935,1.674,679,16,237,10,46,0,1042,69,80.64,42610.172,-0.649,320.3,-0.528
2025-08-22,2906,114,50,2.12,1.692,704,21,218,10,46,0,1102,52,80.8,42633.289,0.054,322.0,0.531
2025-08-25,2927,178,41,1.929,1.935,762,23,244,9,56,0,1118,51,82.136,42807.82,0.409,322.3,0.093
2025-08-26,2936,60,87,1.585,1.868,724,18,209,12,47,0,1090,57,80.123,42394.398,-0.966,319.1,-0.993
2025-08-27,2939,51,92,1.692,1.722,686,20,179,17,44,0,986,71,78.576,42520.27,0.297,318.8,-0.094
2025-08-28,2939,78,76,1.39,1.672,661,24,205,10,45,0,918,96,77.214,42828.789,0.726,321.0,0.69
2025-08-29,2937,96,39,1.382,1.731,646,22,205,11,53,0,954,91,75.562,42718.469,-0.258,319.6,-0.436
2025-09-01,2950,90,68,1.036,1.448,606,22,184,14,49,1,888,93,74.763,42188.789,-1.24,318.1,-0.469
2025-09-02,2950,88,68,1.175,1.381,613,22,177,12,50,1,895,97,75.17,42310.488,0.288,320.4,0.723
2025-09-03,2963,53,148,1.015,1.312,598,29,165,15,43,2,869,101,71.834,41938.891,-0.878,316.8,-1.124
2025-09-04,2960,98,54,1.127,1.253,640,31,154,16,43,1,958,98,73.529,42580.27,1.529,319.9,0.979
2025-09-05,2953,122,32,1.219,1.296,652,30,152,16,45,0,983,105,74.72,43018.75,1.03,323.0,0.969
2025-09-08,2952,128,32,1.464,1.241,710,30,159,16,43,1,1115,96,77.831,43643.809,1.453,326.2,0.991
2025-09-09,2934,49,94,1.25,1.213,673,29,139,18,40,1,1050,99,76.049,43459.289,-0.423,324.5,-0.521
2025-09-10,2918,85,48,1.854,1.346,675,34,127,12,31,1,901,112,76.295,43837.672,0.871,326.1,0.493
2025-09-11,2923,58,70,1.601,1.328,656,34,107,12,33,1,815,126,73.836,44372.5,1.22,327.0,0.276
2025-09-12,2914,76,92,1.179,1.2,616,37,83,16,29,1,794,126,72.759,44768.121,0.892,328.4,0.428
2025-09-16,2913,170,57,1.213,1.334,656,40,96,15,20,2,850,121,75.919,44902.27,0.3,329.4,0.305
2025-09-17,2909,66,89,1.278,1.264,666,39,74,20,18,3,794,104,71.723,44790.379,-0.249,326.8,-0.789
2025-09-18,2903,119,64,1.315,1.536,648,42,77,22,14,1,762,112,71.872,45303.43,1.145,328.6,0.551
2025-09-19,2916,121,44,1.595,1.598,616,41,83,20,16,1,722,125,69.801,45045.809,-0.569,326.6,-0.609
2025-09-22,2926,128,39,2.061,1.59,618,42,93,24,14,1,706,120,70.838,45493.66,0.994,328.6,0.612
2025-09-24,2928,86,99,1.552,1.376,628,47,95,25,13,3,733,125,68.637,45630.309,0.3,329.3,0.213
2025-09-25,2923,78,91,1.579,1.424,660,40,71,39,12,5,694,137,69.268,45754.93,0.273,331.2,0.577
2025-09-26,2935,72,82,1.366,1.34,693,43,57,32,11,5,654,148,71.745,45354.988,-0.874,330.6,-0.181
2025-09-29,2935,84,117,1.047,1.292,630,53,61,34,11,4,579,174,64.997,45043.75,-0.686,328.5,-0.635
2025-09-30,2934,59,89,0.793,1.275,599,58,54,30,10,3,538,172,59.359,44932.629,-0.247,328.3,-0.061
2025-10-01,2933,27,491,0.368,0.697,472,60,42,46,6,3,336,224,39.529,44550.852,-0.85,324.5,-1.157
2025-10-02,2935,101,86,0.397,0.728,443,67,57,52,12,4,334,242,35.719,44936.73,0.866,323.6,-0.277
2025-10-03,2931,132,33,0.494,0.758,475,70,59,49,10,4,351,218,40.683,45769.5,1.853,328.0,1.36
2025-10-06,2935,298,35,0.841,0.917,567,61,77,36,17,2,404,170,53.34,47944.762,4.753,338.5,3.201
2025-10-07,2938,71,71,0.878,0.844,581,44,69,35,16,2,326,208,53.218,47950.879,0.013,338.3,-0.059
2025-10-08,2928,82,51,2.478,0.876,574,38,72,39,11,3,323,217,51.486,47734.988,-0.45,339.4,0.325
2025-10-09,2928,91,58,2.718,0.914,577,35,68,43,15,2,378,205,51.332,48580.441,1.771,341.5,0.619
2025-10-10,2929,29,257,1.21,0.756,490,47,57,46,16,2,281,244,35.951,48088.801,-1.012,335.0,-1.903
2025-10-14,2948,34,452,0.345,0.569,377,73,45,54,12,6,200,327,23.372,46847.32,-2.582,328.7,-1.881
2025-10-15,2947,298,43,0.62,0.737,407,70,63,38,14,4,253,306,35.799,47672.672,1.762,334.2,1.673
2025-10-16,2937,114,81,0.635,1.071,435,75,59,35,13,2,275,297,38.27,48277.738,1.269,335.5,0.389
2025-10-17,2925,21,185,0.487,0.924,377,87,41,49,10,4,232,321,32.991,47582.148,-1.441,332.4,-0.924
2025-10-20,2923,315,19,1.003,1.081,448,79,68,36,14,3,285,273,44.749,49185.5,3.37,340.0,2.286
2025-10-21,2900,65,48,2.162,0.885,454,62,53,32,14,1,267,253,43.793,49316.059,0.265,340.8,0.235
2025-10-22,2893,150,22,1.873,0.986,519,60,55,29,13,0,336,230,52.402,49307.789,-0.017,342.1,0.381
2025-10-23,2881,71,82,1.747,0.953,482,78,46,32,12,1,310,241,54.811,48641.609,-1.351,340.7,-0.409
2025-10-24,2867,90,37,3.322,0.968,530,72,52,29,12,1,373,214,52.863,49299.648,1.353,342.5,0.528
2025-10-27,2863,155,26,2.47,1.32,576,61,67,23,11,2,411,208,59.706,50512.32,2.46,348.5,1.752
2025-10-28,2846,36,267,1.157,1.623,425,80,55,29,14,1,307,266,44.863,50219.18,-0.58,344.9,-1.033
2025-10-29,2842,52,255,0.606,1.046,360,101,53,40,14,1,250,389,32.065,51307.648,2.167,343.8,-0.319
2025-10-30,2832,119,54,0.707,1.079,380,98,64,34,18,1,291,358,36.28,51325.609,0.035,345.8,0.582
2025-10-31,2833,135,72,0.737,1.347,389,98,94,17,21,1,298,346,38.331,52411.34,2.115,349.2,0.983
2025-11-04,2839,124,133,0.597,1.001,416,100,88,21,20,1,300,331,39.852,51497.199,-1.744,347.3,-0.544
2025-11-05,2829,52,136,0.742,0.908,368,109,75,25,14,1,262,356,32.979,50212.27,-2.495,342.6,-1.353
2025-11-06,2832,123,68,1.194,0.847,368,121,65,32,10,1,278,397,36.673,50883.68,1.337,347.2,1.343
2025-11-07,2836,73,110,0.977,0.828,326,118,53,32,10,1,270,354,37.504,50276.371,-1.194,345.5,-0.49
2025-11-10,2841,188,65,1.094,0.891,365,103,64,27,12,1,292,319,44.495,50911.762,1.264,347.9,0.695
2025-11-11,2841,89,93,1.112,0.791,337,106,57,25,13,1,294,329,43.507,50842.93,-0.135,348.1,0.057
2025-11-12,2819,216,53,1.771,1.127,338,95,87,19,18,1,311,288,51.405,51063.309,0.433,352.2,1.178
2025-11-13,2815,123,118,1.569,1.377,333,109,135,16,20,1,340,291,51.14,51281.828,0.428,354.9,0.767
2025-11-14,2828,114,237,1.29,1.14,297,112,92,23,16,2,300,339,48.971,50376.531,-1.765,352.2,-0.761
2025-11-17,2849,153,275,0.896,0.974,299,124,98,37,20,2,299,414,45.474,50323.91,-0.104,350.7,-0.426
2025-11-18,2855,39,340,0.63,0.783,240,142,87,35,19,3,253,464,37.645,48702.98,-3.221,341.1,-2.737
2025-11-19,2867,54,77,0.461,0.816,239,156,71,53,16,4,252,440,36.612,48537.699,-0.339,340.5,-0.176
2025-11-20,2866,176,61,0.541,0.857,259,161,80,52,19,3,371,328,41.611,49823.941,2.65,345.9,1.586
2025-11-21,2867,145,108,0.659,0.909,224,172,64,66,14,3,400,285,49.982,48625.879,-2.405,345.7,-0.058
2025-11-25,2872,92,108,0.729,0.817,225,198,65,67,15,3,363,333,49.703,48659.52,0.069,345.1,-0.174
2025-11-26,2874,198,19,1.783,0.938,269,173,69,50,17,1,374,326,56.036,49559.07,1.849,352.0,1.999
2025-11-27,2881,162,29,2.378,0.915,301,161,69,51,18,1,392,314,59.589,50167.102,1.227,353.1,0.313
2025-11-28,2871,152,20,2.637,1.009,304,167,100,31,20,1,446,273,63.884,50253.91,0.173,354.2,0.312
2025-12-01,2875,69,197,1.804,1.005,263,191,109,37,25,1,390,331,58.493,49303.281,-1.892,350.1,-1.158
2025-12-02,2876,37,160,1.454,1.004,258,203,73,53,15,0,463,337,54.01,49303.449,0.0,350.1,0.0
2025-12-03,2870,87,69,1.067,1.382,269,190,74,55,16,1,539,277,50.804,49864.68,1.138,349.6,-0.143
2025-12-04,2859,116,58,0.915,1.489,281,192,82,46,17,1,484,296,55.489,51028.422,2.334,356.6,2.002
2025-12-05,2862,54,70,0.655,1.327,273,198,78,49,16,2,451,309,51.033,50491.871,-1.051,352.2,-1.234
2025-12-08,2860,127,51,1.032,1.401,295,200,76,52,18,2,540,260,56.852,50581.941,0.178,355.0,0.795
2025-12-09,2844,54,87,1.307,1.389,285,204,84,49,19,2,436,340,54.565,50655.102,0.145,354.8,-0.056
2025-12-10,2839,86,52,1.374,1.19,310,197,65,54,15,1,472,344,56.179,50602.801,-0.103,355.2,0.113
2025-12-11,2831,39,140,0.9,0.908,263,216,61,63,17,2,362,428,47.858,50148.82,-0.897,352.5,-0.76
2025-12-12,2832,149,56,1.179,0.87,279,218,57,83,15,1,428,406,54.97,50836.551,1.371,359.3,1.929
2025-12-15,2823,135,59,1.175,1.102,271,213,54,64,17,1,453,361,60.057,50168.109,-1.315,360.6,0.362
2025-12-16,2812,40,212,0.865,1.039,237,222,42,58,17,1,331,451,53.454,49383.289,-1.564,353.8,-1.886
2025-12-17,2798,59,72,0.783,1.002,227,230,43,44,15,1,407,390,53.4,49512.281,0.261,353.7,-0.028
2025-12-18,2797,62,64,0.961,0.933,214,224,43,30,16,1,504,338,56.463,49001.5,-1.032,352.1,-0.452
2025-12-19,2798,151,26,1.032,1.101,242,196,47,24,14,1,507,313,60.451,49507.211,1.032,355.3,0.909
2025-12-22,2801,137,62,1.03,1.099,241,217,52,27,17,2,498,332,59.471,50402.391,1.808,357.2,0.535
2025-12-23,2811,115,26,2.096,1.265,275,203,59,19,15,2,508,305,65.349,50412.871,0.021,358.8,0.448
2025-12-24,2821,79,34,2.566,1.286,260,201,62,15,15,0,543,268,64.395,50344.102,-0.136,357.3,-0.418
2025-12-25,2836,124,31,3.385,1.637,275,186,60,16,15,1,509,222,69.28,50407.789,0.127,358.6,0.364
2025-12-26,2849,55,39,2.656,1.531,248,183,52,22,14,0,513,226,69.831,50750.391,0.68,358.8,0.056
2025-12-29,2852,166,58,2.867,1.583,274,170,53,17,16,0,494,222,72.427,50526.922,-0.44,359.9,0.307
2025-12-30,2859,31,85,1.842,1.97,257,170,46,22,16,1,471,238,69.457,50339.48,-0.371,357.9,-0.556
2026-01-05,2867,145,40,2.059,2.29,282,162,64,13,16,1,434,254,72.277,51832.801,2.966,365.0,1.984
2026-01-06,2877,175,30,2.27,2.733,330,136,70,9,19,1,483,197,77.863,52518.078,1.322,371.4,1.753
2026-01-07,2889,155,36,2.699,2.68,345,119,76,8,16,1,560,167,78.96,51961.98,-1.059,368.4,-0.808
2026-01-08,2897,90,53,2.443,2.627,424,83,83,7,19,1,563,129,78.431,51117.262,-1.626,365.5,-0.787
2026-01-09,2906,106,31,3.532,2.577,452,77,84,6,18,0,800,80,80.944,51939.891,1.609,369.0,0.958
2026-01-13,2921,181,57,3.415,2.67,482,92,112,8,26,0,925,82,81.385,53549.16,3.098,377.5,2.304
2026-01-14,2938,140,76,2.656,2.463,444,105,125,7,27,1,896,96,81.009,54341.23,1.479,382.4,1.298
2026-01-15,2939,274,36,3.126,2.914,474,94,195,4,39,2,913,81,84.526,54110.5,-0.425,385.4,0.785
2026-01-16,2942,132,83,2.943,2.712,508,85,171,3,39,2,982,76,85.082,53936.172,-0.322,384.8,-0.156
2026-01-19,2952,147,49,2.904,3.147,499,71,178,4,42,2,839,91,84.516,53583.57,-0.654,384.0,-0.208
2026-01-20,2958,55,107,2.131,2.608,535,73,181,5,42,2,699,95,82.746,52991.102,-1.106,380.4,-0.938
2026-01-21,2975,51,112,1.703,2.08,574,65,164,7,42,3,562,119,76.721,52774.641,-0.408,376.9,-0.92
2026-01-22,2963,133,72,1.225,1.936,567,77,212,6,52,2,702,111,79.404,53688.891,1.732,380.1,0.849
2026-01-23,2949,130,19,1.437,2.101,567,67,219,7,52,3,811,74,82.022,53846.871,0.294,381.3,0.316
2026-01-26,2954,52,197,0.83,1.603,543,55,165,8,43,1,708,85,72.041,52885.25,-1.786,372.9,-2.203
2026-01-27,2938,73,41,0.995,1.499,479,80,170,6,43,1,641,95,70.52,53333.539,0.848,374.0,0.295
2026-01-28,2938,64,144,0.956,1.292,460,93,150,9,31,2,602,107,61.286,53358.711,0.047,370.8,-0.856
2026-01-29,2919,76,112,0.77,0.975,421,113,142,13,32,1,543,119,60.048,53375.602,0.032,371.9,0.297
2026-01-30,2904,110,82,0.651,0.953,427,96,138,14,36,1,592,104,64.545,53322.852,-0.099,374.4,0.672
2026-02-02,2907,78,159,0.745,0.787,389,99,98,15,32,1,519,101,59.675,52655.18,-1.252,371.3,-0.828
2026-02-03,2898,343,20,1.298,1.159,433,100,158,11,35,1,759,86,67.175,54720.66,3.923,383.1,3.178
2026-02-04,2894,164,159,1.449,1.217,521,107,160,23,43,1,743,123,67.384,54293.359,-0.781,383.8,0.183
2026-02-05,2890,140,76,1.683,1.219,576,84,142,15,35,1,742,124,71.265,53818.039,-0.875,383.6,-0.052
2026-02-06,2895,141,129,1.595,1.109,570,97,136,26,36,1,862,127,68.748,54253.68,0.809,388.5,1.277
2026-02-09,2908,255,66,2.318,1.462,627,98,192,28,36,2,963,120,70.062,56363.941,3.89,397.3,2.265
2026-02-10,2914,366,39,2.273,1.762,686,73,236,21,39,2,1081,84,76.706,57650.539,2.283,404.7,1.863
2026-02-12,2921,286,132,2.688,2.011,779,71,237,24,45,1,1091,112,77.182,57639.84,-0.019,407.7,0.741
2026-02-13,2926,97,577,1.214,1.376,682,93,163,40,37,1,955,161,68.679,56941.969,-1.211,401.2,-1.594
2026-02-16,2944,338,215,1.304,1.405,725,100,156,57,40,1,966,220,68.269,56806.41,-0.238,398.1,-0.773
2026-02-17,2941,172,135,1.147,1.487,674,117,154,62,42,1,978,234,67.531,56566.488,-0.422,395.2,-0.728
2026-02-18,2942,216,82,0.972,1.351,730,111,169,63,41,2,1015,245,69.7,57143.84,1.021,399.7,1.139
2026-02-19,2950,156,110,0.875,1.388,735,130,195,59,45,2,1061,237,70.255,57467.828,0.567,404.6,1.226
2026-02-20,2953,65,173,1.324,1.262,666,129,194,62,47,2,951,261,65.209,56825.699,-1.117,400.1,-1.112
2026-02-24,2962,194,237,1.09,1.215,711,143,197,82,44,2,1026,275,66.272,57321.09,0.872,401.1,0.25
2026-02-25,2967,196,51,1.266,1.191,734,115,199,80,51,2,972,257,67.094,58583.121,2.202,404.5,0.848
2026-02-26,2979,206,64,1.287,1.084,844,92,229,54,54,2,944,244,68.714,58753.391,0.291,407.8,0.816
2026-02-27,2981,409,21,1.96,1.231,967,78,301,43,69,2,1069,231,74.774,58850.27,0.165,413.1,1.3
2026-03-02,2992,91,296,1.638,1.476,863,88,317,50,72,4,1000,269,68.015,58057.238,-1.348,409.4,-0.896
2026-03-03,2997,42,722,0.818,0.924,718,119,246,57,56,4,761,357,54.922,56279.051,-3.063,395.9,-3.298
2026-03-04,3018,20,1254,0.326,0.53,531,130,139,73,32,5,462,470,33.598,54245.539,-3.613,381.8,-3.562
2026-03-05,3019,1024,7,0.69,0.819,625,110,207,45,54,4,594,354,49.718,55278.059,1.903,388.5,1.755
2026-03-06,3020,194,47,0.589,0.85,588,95,181,41,45,3,546,368,50.166,55620.84,0.62,390.3,0.463
2026-03-09,3030,25,976,0.434,0.653,398,119,113,53,35,3,344,512,31.947,52728.719,-5.2,375.4,-3.818
2026-03-10,3019,618,18,0.817,0.817,541,95,134,33,40,4,453,390,44.386,54248.391,2.882,384.7,2.477
2026-03-11,3005,150,37,1.853,0.807,587,79,153,30,47,3,522,354,47.388,55025.371,1.432,388.3,0.936
2026-03-12,3003,49,269,0.769,0.719,534,89,120,37,31,3,475,365,35.265,54452.961,-1.04,382.9,-1.391
2026-03-13,2995,65,81,0.657,0.615,475,94,91,54,31,4,398,415,32.766,53819.609,-1.163,380.9,-0.522
2026-03-16,2986,100,87,1.996,0.654,480,93,81,62,20,5,371,453,31.692,53751.148,-0.127,379.0,-0.499
2026-03-17,2968,67,112,0.735,0.801,460,99,87,41,21,4,434,377,32.12,53700.391,-0.094,380.9,0.501
2026-03-18,2956,386,31,1.15,1.608,553,86,78,24,20,3,524,317,45.821,55239.398,2.866,390.7,2.573
2026-03-19,2954,19,768,0.59,0.69,424,107,48,46,21,5,415,356,26.685,53372.531,-3.38,379.1,-2.969
2026-03-23,2958,24,1004,0.298,0.444,350,124,36,81,17,2,300,490,15.117,51515.488,-3.479,365.9,-3.482
2026-03-24,2962,321,30,0.42,0.738,373,104,30,50,13,2,348,398,22.23,52252.281,1.43,374.3,2.296
2026-03-25,2964,396,16,0.62,0.648,433,99,42,25,17,2,466,301,33.356,53749.621,2.866,383.6,2.485
2026-03-26,2960,42,171,0.403,0.572,449,101,49,35,15,2,353,386,28.938,53603.648,-0.272,382.6,-0.261
2026-03-27,2966,118,46,0.711,0.656,463,97,51,32,15,1,346,346,32.4,53373.07,-0.43,382.7,0.026
2026-03-30,2964,44,466,1.263,0.555,415,119,46,60,15,2,273,478,23.607,51885.852,-2.786,382.7,0.0
2026-03-31,2960,29,181,0.715,0.512,347,133,33,108,7,3,237,502,20.223,51063.719,-1.585,382.7,0.0
2026-04-01,2949,962,25,1.344,0.855,440,89,43,52,7,2,308,384,37.475,53739.68,5.24,389.2,1.698
2026-04-02,2918,32,160,1.35,0.693,384,122,40,32,9,2,224,539,31.218,52463.27,-2.375,383.0,-1.593
2026-04-03,2912,97,45,1.327,0.963,408,109,69,15,18,1,213,524,35.717,53123.488,1.258,386.6,0.94
2026-04-06,2910,111,36,2.754,1.83,402,110,51,38,16,2,271,355,39.869,53413.68,0.546,386.8,0.052
2026-04-07,2886,51,60,3.844,1.561,413,111,41,36,13,2,229,368,42.837,53429.559,0.03,387.8,0.259
2026-04-08,2887,607,28,2.729,1.718,468,88,79,16,21,2,308,234,59.986,56308.422,5.388,400.4,3.249
2026-04-09,2883,44,150,2.853,1.75,461,100,48,22,15,3,252,323,49.826,55895.32,-0.734,396.7,-0.924
2026-04-10,2879,97,104,2.407,1.653,425,115,45,30,15,3,229,373,44.437,56924.109,1.841,396.5,-0.05
2026-04-13,2873,102,66,2.208,2.494,391,131,66,30,16,2,256,324,42.076,56502.77,-0.74,394.8,-0.429
2026-04-14,2863,140,54,2.463,3.081,392,122,77,27,17,3,261,312,45.159,57877.391,2.433,398.2,0.861
2026-04-15,2867,132,108,1.068,1.742,386,113,78,27,14,3,257,333,48.098,58134.238,0.444,399.6,0.352
2026-04-16,2866,143,31,1.691,2.235,398,109,103,21,15,2,260,334,50.873,59518.34,2.381,404.4,1.201
2026-04-17,2861,73,74,1.772,2.11,342,98,64,28,11,2,206,476,50.052,58475.898,-1.751,399.1,-1.311
2026-04-20,2835,132,50,1.956,2.098,332,99,120,17,20,2,247,374,51.041,58824.891,0.597,400.6,0.376
2026-04-21,2830,103,67,1.767,2.149,313,116,193,13,33,3,307,233,48.497,59349.172,0.891,399.5,-0.275
2026-04-22,2807,76,116,1.559,1.271,262,116,140,13,32,2,424,132,42.083,59585.859,0.399,396.9,-0.651
2026-04-23,2796,57,180,0.906,1.241,247,136,99,27,26,2,245,274,35.244,59140.23,-0.748,393.6,-0.831
2026-04-24,2778,81,94,0.886,1.237,268,152,112,23,29,2,230,305,33.622,59716.18,0.974,393.7,0.025
2026-04-27,2765,115,138,0.726,1.154,280,148,122,30,29,2,338,209,32.73,60537.359,1.375,395.9,0.559
2026-04-28,2763,257,75,0.972,1.253,275,129,161,27,31,1,287,257,42.283,59917.461,-1.024,400.0,1.036
2026-04-30,2763,82,168,0.904,1.127,255,164,172,20,40,1,248,351,35.849,59284.922,-1.056,394.1,-1.475
2026-05-01,2753,108,85,1.148,1.035,291,149,118,28,31,1,298,271,35.251,59513.121,0.385,394.6,0.127
2026-05-07,2759,398,62,1.818,1.361,331,141,194,19,55,2,406,242,43.693,62833.84,5.58,407.2,3.193
2026-05-08,2759,209,68,2.301,1.411,360,113,197,21,61,1,433,230,44.109,62713.648,-0.191,405.9,-0.319
2026-05-11,2767,178,125,1.919,1.405,381,111,203,27,67,1,487,244,46.302,62417.879,-0.472,407.1,0.296
2026-05-12,2770,133,236,1.781,1.314,370,128,204,34,63,1,403,352,43.659,62742.57,0.52,410.3,0.786
2026-05-13,2778,210,134,1.805,1.495,398,122,158,40,46,1,553,259,45.701,63272.109,0.844,415.7,1.316
2026-05-14,2784,177,405,0.937,1.248,343,162,178,45,49,0,683,200,42.538,62654.051,-0.977,411.2,-1.083
2026-05-15,2800,203,323,0.737,1.163,319,167,141,47,35,0,586,290,42.222,61409.289,-1.987,409.9,-0.316
2026-05-18,2813,211,363,0.639,0.97,295,219,152,65,39,0,469,461,39.458,60815.949,-0.966,405.9,-0.976
2026-05-19,2827,256,153,0.767,1.066,300,200,137,62,36,1,530,392,43.237,60550.59,-0.436,408.3,0.591
2026-05-20,2826,43,411,0.538,0.885,248,249,108,93,32,0,447,505,36.541,59804.41,-1.232,402.2,-1.494
2026-05-21,2841,220,53,0.716,0.81,248,274,136,96,32,1,576,405,39.103,61684.141,3.143,408.8,1.641
2026-05-22,2845,292,42,1.0,0.857,254,275,167,88,45,0,655,354,40.212,63339.07,2.683,412.4,0.881
2026-05-25,2846,249,122,1.357,0.889,301,235,176,101,54,1,527,528,39.457,65158.191,2.872,418.0,1.358
2026-05-26,2855,153,124,1.273,0.946,296,228,185,111,57,1,583,487,39.276,64996.09,-0.249,417.4,-0.144
2026-05-27,2858,85,216,1.794,0.854,279,233,171,109,47,1,514,530,39.129,64999.41,0.005,415.6,-0.431
2026-05-28,2855,124,97,1.502,0.964,266,259,193,106,54,4,502,530,38.678,64693.121,-0.471,413.5,-0.505
2026-05-29,2850,179,92,1.214,1.083,262,261,214,89,51,2,525,534,40.542,66329.5,2.529,417.9,1.064
2026-06-01,2862,143,348,0.78,1.052,273,277,204,99,54,2,423,752,35.847,66934.328,0.912,417.5,-0.096
2026-06-02,2856,87,207,0.644,0.92,255,298,160,123,53,1,419,739,32.608,66734.242,-0.299,415.8,-0.407
2026-06-03,2861,173,132,0.806,1.19,258,304,178,108,57,2,435,672,34.128,68402.133,2.499,423.8,1.924
2026-06-04,2850,76,208,0.667,0.983,238,355,168,131,51,1,419,689,31.47,67470.688,-1.362,418.6,-1.227
2026-06-05,2838,258,52,0.778,0.956,231,357,135,116,37,2,428,580,36.145,66588.117,-1.308,418.6,0.0
2026-06-08,2830,36,522,0.562,0.658,195,376,92,153,24,5,342,685,30.336,64024.602,-3.85,408.8,-2.341
2026-06-09,2836,156,83,0.701,0.673,232,303,94,164,28,5,327,710,32.486,65416.629,2.174,413.2,1.076
2026-06-10,2828,65,294,0.51,0.637,288,242,81,179,26,2,323,711,32.542,64179.27,-1.892,407.8,-1.307
2026-06-11,2811,58,137,0.527,0.593,214,311,72,191,23,4,284,745,30.46,64217.27,0.059,406.3,-0.368
2026-06-12,2809,165,94,0.425,0.586,220,321,75,135,23,3,323,721,33.155,66020.039,2.807,412.2,1.452
2026-06-15,2798,417,79,1.253,0.825,342,243,92,91,23,2,420,626,39.263,69317.5,4.995,424.5,2.984
2026-06-16,2791,104,99,1.151,0.887,269,292,75,71,18,3,440,590,36.204,69404.5,0.126,423.1,-0.33
2026-06-17,2774,272,49,2.218,0.994,271,280,89,64,21,2,464,507,40.072,69902.25,0.717,425.5,0.567
2026-06-18,2766,167,63,2.93,1.154,331,242,125,53,34,2,485,456,42.397,71053.492,1.647,432.3,1.598
2026-06-19,2766,102,184,2.241,0.961,323,250,104,69,28,2,421,546,41.455,71250.062,0.277,429.7,-0.601
2026-06-22,2766,241,56,1.965,1.535,353,237,108,71,25,3,473,458,43.271,72353.961,1.549,434.5,1.117
2026-06-23,2760,43,354,1.169,1.16,326,263,68,96,14,6,411,518,39.0,69788.383,-3.546,422.8,-2.693
2026-06-24,2751,60,92,0.818,1.35,266,300,63,80,14,8,328,557,37.332,69174.969,-0.879,419.9,-0.686
2026-06-25,2746,204,48,0.886,1.588,346,246,90,72,25,6,359,563,42.389,72366.344,4.613,425.9,1.429
2026-06-26,2745,47,211,0.782,1.342,410,195,63,74,16,7,302,574,42.784,69360.883,-4.153,420.4,-1.291
2026-06-29,2747,257,85,0.773,1.206,367,199,60,62,15,7,328,477,50.583,69468.109,0.155,421.7,0.309
2026-06-30,2736,108,47,1.4,1.262,319,209,72,49,16,3,302,471,49.653,70062.32,0.855,423.6,0.451
2026-07-01,2736,155,81,1.633,1.133,334,191,70,47,17,1,304,400,49.616,70474.961,0.589,425.8,0.519
2026-07-02,2738,221,124,1.438,1.122,346,180,60,43,15,3,329,325,59.81,68733.148,-2.472,426.4,0.141
2026-07-03,2736,209,26,2.617,1.375,422,138,92,33,19,2,392,230,67.166,69744.07,1.471,431.7,1.243
2026-07-06,2725,163,90,2.326,1.267,452,107,77,34,13,2,406,215,73.752,69737.688,-0.009,435.4,0.857
2026-07-07,2730,59,234,1.454,1.429,327,148,90,25,10,2,452,199,70.685,68256.961,-2.123,431.8,-0.827
2026-07-08,2725,50,212,1.023,1.272,333,140,77,36,9,2,354,237,65.419,66819.047,-2.107,426.5,-1.227
2026-07-09,2711,70,54,0.894,1.15,315,153,77,26,11,1,313,254,66.162,67743.852,1.384,419.1,-1.735
2026-07-10,2717,197,23,0.879,1.526,320,132,110,20,12,1,311,249,69.882,68557.727,1.201,422.1,0.716
2026-07-13,2710,57,140,0.653,1.25,287,144,89,19,10,1,294,278,65.879,67242.727,-1.918,417.8,-1.019
2026-07-14,2711,102,41,1.013,1.252,233,163,84,16,9,1,346,211,69.694,67743.5,0.745,421.3,0.838
2026-07-15,2712,222,37,2.197,1.376,286,130,107,14,10,1,399,184,74.244,68751.508,1.488,425.6,1.021
2026-07-16,2714,51,232,1.33,1.084,264,145,79,27,9,1,351,243,69.727,66835.539,-2.787,419.7,-1.386
2026-07-17,2725,21,563,0.447,0.61,215,181,54,65,6,4,324,305,60.742,64141.121,-4.031,407.9,-2.812
2026-07-21,2712,300,19,0.78,0.726,228,171,77,44,11,3,461,234,67.7,66232.188,3.26,418.3,2.55
2026-07-22,2710,77,60,0.737,0.831,214,166,63,58,7,5,435,235,68.932,66115.602,-0.176,420.3,0.478
2026-07-23,2709,75,29,0.58,0.978,213,176,77,38,10,3,491,208,69.327,66422.602,0.464,422.1,0.428
2026-07-24,2707,47,146,0.636,0.891,214,180,64,46,11,4,388,276,65.2,64611.148,-2.727,417.5,-1.09
2026-07-27,2700,251,44,2.517,0.918,226,179,96,59,13,6,560,171,72.832,64931.191,0.495,424.3,1.629
2026-07-28,2691,20,438,0.656,0.725,181,222,89,70,12,7,457,237,66.146,62364.922,-3.952,412.9,-2.687
2026-07-29,2693,172,290,0.597,0.665,204,217,71,107,13,9,551,240,65.799,61434.191,-1.492,414.9,0.484
2026-07-30,2690,96,95,0.578,0.579,217,199,63,104,8,9,544,212,64.682,61867.43,0.705,412.7,-0.53
2026-07-31,2679,399,141,0.931,0.799,248,167,66,70,10,6,480,167,65.172,64362.02,4.032,417.2,1.09
2026-08-03,2676,99,106,0.735,1.123,247,150,47,48,11,5,398,223,59.708,63754.898,-0.943,411.8,-1.294
2026-08-04,2676,220,42,1.463,1.047,229,151,42,46,11,4,418,188,56.977,63957.531,0.318,412.4,0.146
2026-08-05,2675,421,34,2.955,1.319,306,113,44,24,13,3,422,162,64.034,66300.438,3.663,421.3,2.158
2026-08-06,2675,104,150,2.628,1.231,313,124,58,20,12,2,456,207,65.943,65683.258,-0.931,423.7,0.57
2026-08-07,2677,124,164,1.952,1.267,257,149,60,23,13,2,509,222,66.081,65606.711,-0.117,425.1,0.33
2026-08-10,2683,218,120,2.131,1.185,267,142,80,24,15,2,574,260,67.313,66970.219,2.078,427.6,0.588
2026-08-12,2687,158,69,1.909,1.661,256,145,78,25,17,2,680,190,70.391,67524.062,0.827,431.9,1.006
2026-08-13,2707,175,61,1.381,2.051,301,120,101,21,20,2,763,171,71.682,68308.594,1.162,435.4,0.81
2026-08-14,2731,187,53,1.846,2.239,317,120,110,20,25,2,828,180,74.304,68713.797,0.593,437.8,0.551
2026-08-17,2743,181,119,2.178,2.056,337,91,100,17,18,2,820,141,74.735,69220.25,0.737,435.9,-0.434
2026-08-18,2727,61,142,1.716,1.938,305,88,116,14,17,1,710,171,72.494,67460.727,-2.542,431.0,-1.124
2026-08-19,2727,33,545,0.692,1.141,275,99,109,11,19,1,612,237,62.101,65326.422,-3.164,417.4,-3.155
2026-08-20,2729,297,11,0.872,1.073,285,86,120,9,19,2,719,218,71.119,66216.789,1.363,422.8,1.294
2026-08-21,2727,56,60,0.716,1.109,330,79,122,9,19,1,619,210,71.392,66016.359,-0.303,424.1,0.307
2026-08-24,2738,78,55,0.646,1.169,307,83,133,18,23,1,565,232,72.275,65528.09,-0.74,424.7,0.141
2026-08-25,2738,95,29,0.799,1.155,289,95,150,9,27,0,518,227,72.312,65856.43,0.501,426.7,0.471
2026-08-26,2732,70,46,2.965,1.1,310,108,134,10,19,1,551,179,73.854,66262.156,0.616,428.2,0.352
2026-08-27,2724,109,32,1.838,1.069,328,98,170,8,30,1,589,138,73.152,66131.977,-0.196,429.4,0.28
2026-08-28,2733,144,30,2.583,1.051,368,91,230,5,43,1,666,146,74.047,66405.562,0.414,432.0,0.605
2026-08-31,2740,143,63,2.805,1.072,391,88,236,3,43,1,642,158,75.393,66311.93,-0.141,433.5,0.347
2026-09-01,2743,69,88,2.066,1.141,367,88,164,4,33,1,687,146,75.703,66215.344,-0.146,435.7,0.507
2026-09-02,2743,22,390,0.808,1.347,343,115,121,8,27,0,502,201,64.134,64325.641,-2.854,424.5,-2.571
2026-09-03,2741,80,46,0.742,1.032,365,107,113,12,27,0,457,227,63.706,64214.48,-0.173,427.2,0.636
2026-09-04,2745,159,42,0.752,1.18,376,116,111,27,22,0,514,169,65.912,65020.941,1.256,427.5,0.07
2026-09-07,2738,150,74,0.75,1.239,404,92,99,15,22,0,661,100,64.727,66399.844,2.121,430.1,0.608
2026-09-08,2737,41,330,0.512,0.865,306,123,87,16,22,0,460,157,54.429,65269.328,-1.703,422.2,-1.837
2026-09-09,2728,83,61,0.928,0.865,356,78,79,9,19,0,445,158,49.064,65142.781,-0.194,421.4,-0.189
2026-09-10,2723,74,58,0.897,0.816,354,84,65,7,17,0,446,161,48.933,65270.949,0.197,422.7,0.308
2026-09-11,2706,30,142,0.568,0.658,336,74,50,17,20,0,437,181,44.634,64011.34,-1.93,419.7,-0.71
2026-09-14,2693,156,60,0.59,0.669,388,68,52,18,16,0,419,185,52.213,63492.988,-0.81,423.3,0.858
2026-09-15,2699,67,47,1.114,0.69,370,77,48,22,18,0,504,115,53.506,63484.102,-0.014,421.3,-0.472
2026-09-16,2689,79,64,1.094,0.995,355,89,47,19,18,0,566,116,55.659,63923.0,0.691,423.9,0.617
2026-09-17,2691,107,31,1.276,1.041,416,89,73,14,18,2,613,89,63.504,64136.25,0.334,427.4,0.826
2026-09-18,2695,124,29,2.307,1.017,387,87,60,17,18,1,570,98,59.941,65018.949,1.376,426.3,-0.257
2026-09-24,2709,127,51,2.27,1.017,361,91,68,21,18,1,568,91,59.741,65513.988,0.761,424.8,-0.352
2026-09-25,2713,96,57,2.297,1.572,421,95,69,18,18,3,563,113,63.086,66364.203,1.298,430.3,1.295
2026-09-28,2719,44,62,2.165,1.504,390,114,69,19,12,2,473,178,59.257,65877.617,-0.733,428.2,-0.488
2026-09-29,2735,57,96,1.519,1.388,412,88,67,19,12,5,410,154,48.335,65481.27,-0.602,425.4,-0.654
2026-09-30,2728,123,24,1.541,1.881,460,76,72,22,18,5,452,114,54.842,66753.719,1.943,431.5,1.434
2026-10-01,2721,117,53,1.497,1.831,446,88,67,19,18,3,416,118,53.99,68956.719,3.3,434.4,0.672
2026-10-02,2710,49,84,1.223,1.675,408,64,61,24,16,4,346,136,42.082,68309.461,-0.939,430.2,-0.967
