Date,universe_size,new_high,new_low
2024-10-11,2569,36,20
2024-10-15,2578,59,20
2024-10-16,2571,43,21
2024-10-17,2559,23,22
2024-10-18,2563,36,22
2024-10-21,2555,36,15
2024-10-22,2558,11,36
2024-10-23,2555,8,45
2024-10-24,2557,15,71
2024-10-25,2542,13,78
2024-10-28,2535,14,30
2024-10-29,2525,25,2
2024-10-30,2561,40,10
2024-10-31,2557,36,8
2024-11-01,2561,18,13
2024-11-05,2562,34,15
2024-11-06,2560,55,9
2024-11-07,2567,74,8
2024-11-08,2579,93,18
2024-11-11,2586,78,35
2024-11-12,2582,100,28
2024-11-13,2588,50,31
2024-11-14,2604,49,50
2024-11-15,2625,52,63
2024-11-18,2630,48,57
2024-11-19,2636,49,25
2024-11-20,2631,52,32
2024-11-21,2639,53,26
2024-11-22,2637,46,15
2024-11-25,2639,77,14
2024-11-26,2640,42,53
2024-11-27,2653,38,71
2024-11-28,2607,26,47
2024-11-29,2594,49,29
2024-12-02,2599,44,37
2024-12-03,2618,81,19
2024-12-04,2619,66,60
2024-12-05,2602,72,48
2024-12-06,2604,45,68
2024-12-09,2607,75,36
2024-12-10,2617,47,29
2024-12-11,2614,59,51
2024-12-12,2617,107,33
2024-12-13,2618,67,70
2024-12-16,2629,61,80
2024-12-17,2637,61,96
2024-12-18,2646,49,66
2024-12-19,2653,33,105
2024-12-20,2663,59,55
2024-12-23,2676,63,102
2024-12-24,2688,46,63
2024-12-25,2700,35,52
2024-12-26,2722,49,14
2024-12-27,2729,77,4
2024-12-30,2738,85,7
2025-01-06,2748,80,10
2025-01-07,2751,46,11
2025-01-08,2757,37,24
2025-01-09,2752,20,39
2025-01-10,2754,27,46
2025-01-14,2757,9,83
2025-01-15,2752,22,62
2025-01-16,2758,17,59
2025-01-17,2752,10,101
2025-01-20,2740,17,15
2025-01-21,2731,18,10
2025-01-22,2729,38,12
2025-01-23,2721,36,25
2025-01-24,2708,38,3
2025-01-27,2688,54,1
2025-01-28,2680,55,7
2025-01-29,2673,64,2
2025-01-30,2689,73,22
2025-01-31,2691,68,12
2025-02-03,2689,45,63
2025-02-04,2677,66,39
2025-02-05,2673,68,42
2025-02-06,2667,73,20
2025-02-07,2673,70,25
2025-02-10,2686,69,28
2025-02-12,2693,92,36
2025-02-13,2704,92,6
2025-02-14,2710,85,22
2025-02-17,2731,121,45
2025-02-18,2739,88,45
2025-02-19,2750,82,36
2025-02-20,2758,47,61
2025-02-21,2756,34,64
2025-02-25,2760,27,52
2025-02-26,2764,27,40
2025-02-27,2766,32,22
2025-02-28,2773,33,61
2025-03-03,2729,60,28
2025-03-04,2724,50,57
2025-03-05,2708,47,25
2025-03-06,2708,69,6
2025-03-07,2707,36,25
2025-03-10,2707,50,15
2025-03-11,2706,16,59
2025-03-12,2697,33,4
2025-03-13,2694,36,9
2025-03-14,2677,45,11
2025-03-17,2672,65,7
2025-03-18,2660,90,3
2025-03-19,2661,94,4
2025-03-21,2676,130,6
2025-03-24,2682,97,8
2025-03-25,2696,66,3
2025-03-26,2711,78,1
2025-03-27,2728,87,4
2025-03-28,2749,61,17
2025-03-31,2757,12,107
2025-04-01,2768,31,88
2025-04-02,2760,13,123
2025-04-03,2773,7,285
2025-04-04,2799,10,516
2025-04-07,2848,2,1104
2025-04-08,2872,8,5
2025-04-09,2872,4,88
2025-04-10,2879,26,2
2025-04-11,2887,23,14
2025-04-14,2904,51,1
2025-04-15,2911,37,1
2025-04-16,2923,36,4
2025-04-17,2927,36,3
2025-04-18,2934,90,1
2025-04-21,2957,105,9
2025-04-22,2970,89,2
2025-04-23,2986,78,0
2025-04-24,2986,42,0
2025-04-25,2988,26,0
2025-04-28,2993,46,1
2025-04-30,3006,64,1
2025-05-01,3013,34,4
2025-05-02,3002,43,5
2025-05-07,2978,85,5
2025-05-08,2916,58,4
2025-05-09,2907,109,0
2025-05-12,2929,141,0
2025-05-13,2930,102,0
2025-05-14,2953,71,12
2025-05-15,2964,84,15
2025-05-16,2987,91,13
2025-05-19,3009,98,4
2025-05-20,3007,76,8
2025-05-21,2997,50,10
2025-05-22,2975,42,18
2025-05-23,2943,58,7
2025-05-26,2923,76,11
2025-05-27,2924,81,3
2025-05-28,2931,120,5
2025-05-29,2912,98,6
2025-05-30,2901,97,4
2025-06-02,2892,143,11
2025-06-03,2886,134,14
2025-06-04,2877,123,7
2025-06-05,2877,98,14
2025-06-06,2863,95,12
2025-06-09,2856,132,13
2025-06-10,2839,115,3
2025-06-11,2815,100,2
2025-06-12,2794,106,6
2025-06-13,2768,84,15
2025-06-16,2747,102,15
2025-06-17,2745,115,5
2025-06-18,2735,129,9
2025-06-19,2735,118,11
2025-06-20,2729,92,17
2025-06-23,2731,85,35
2025-06-24,2731,103,3
2025-06-25,2725,78,13
2025-06-26,2728,118,7
2025-06-27,2733,119,2
2025-06-30,2739,165,4
2025-07-01,2736,108,9
2025-07-02,2728,84,9
2025-07-03,2727,56,8
2025-07-04,2729,75,5
2025-07-07,2719,85,10
2025-07-08,2713,95,16
2025-07-09,2712,150,4
2025-07-10,2718,131,9
2025-07-11,2725,162,2
2025-07-14,2723,120,4
2025-07-15,2727,138,7
2025-07-16,2728,95,13
2025-07-17,2725,103,9
2025-07-18,2732,134,5
2025-07-22,2731,130,17
2025-07-23,2742,177,1
2025-07-24,2748,220,1
2025-07-25,2744,248,0
2025-07-28,2744,200,1
2025-07-29,2749,102,5
2025-07-30,2744,145,4
2025-07-31,2747,252,2
2025-08-01,2753,329,4
2025-08-04,2758,147,4
2025-08-05,2759,331,1
2025-08-06,2771,397,3
2025-08-07,2774,450,2
2025-08-08,2790,401,2
2025-08-12,2824,411,5
2025-08-13,2848,294,1
2025-08-14,2857,172,0
2025-08-15,2881,280,3
2025-08-18,2892,360,1
2025-08-19,2898,301,1
2025-08-20,2900,273,0
2025-08-21,2913,231,3
2025-08-22,2906,326,6
2025-08-25,2927,413,6
2025-08-26,2936,172,6
2025-08-27,2939,155,4
2025-08-28,2939,160,6
2025-08-29,2937,199,8
2025-09-01,2950,148,6
2025-09-02,2950,246,3
2025-09-03,2963,235,6
2025-09-04,2960,191,4
2025-09-05,2953,301,4
2025-09-08,2952,384,3
2025-09-09,2934,387,2
2025-09-10,2918,180,4
2025-09-11,2923,214,3
2025-09-12,2914,230,8
2025-09-16,2913,214,5
2025-09-17,2909,102,2
2025-09-18,2903,144,1
2025-09-19,2916,199,2
2025-09-22,2926,225,4
2025-09-24,2928,171,5
2025-09-25,2923,184,5
2025-09-26,2935,264,6
2025-09-29,2935,135,6
2025-09-30,2934,85,9
2025-10-01,2933,28,27
2025-10-02,2935,41,34
2025-10-03,2931,46,11
2025-10-06,2935,158,5
2025-10-07,2938,124,7
2025-10-08,2928,107,6
2025-10-09,2928,134,7
2025-10-10,2929,52,16
2025-10-14,2948,26,49
2025-10-15,2947,42,8
2025-10-16,2937,79,14
2025-10-17,2925,45,30
2025-10-20,2923,82,9
2025-10-21,2900,91,10
2025-10-22,2893,106,6
2025-10-23,2881,134,3
2025-10-24,2867,153,5
2025-10-27,2863,351,9
2025-10-28,2846,125,24
2025-10-29,2842,79,57
2025-10-30,2832,92,45
2025-10-31,2833,116,19
2025-11-04,2839,174,37
2025-11-05,2829,52,54
2025-11-06,2832,139,29
2025-11-07,2836,53,23
2025-11-10,2841,141,13
2025-11-11,2841,125,16
2025-11-12,2819,177,4
2025-11-13,2815,236,8
2025-11-14,2828,135,23
2025-11-17,2849,142,61
2025-11-18,2855,69,65
2025-11-19,2867,39,68
2025-11-20,2866,91,36
2025-11-21,2867,115,34
2025-11-25,2872,197,18
2025-11-26,2874,255,14
2025-11-27,2881,290,5
2025-11-28,2871,286,4
2025-12-01,2875,258,16
2025-12-02,2876,101,44
2025-12-03,2870,62,60
2025-12-04,2859,108,31
2025-12-05,2862,78,36
2025-12-08,2860,138,32
2025-12-09,2844,123,37
2025-12-10,2839,172,25
2025-12-11,2831,115,46
2025-12-12,2832,153,35
2025-12-15,2823,249,21
2025-12-16,2812,140,37
2025-12-17,2798,58,61
2025-12-18,2797,80,43
2025-12-19,2798,141,11
2025-12-22,2801,236,37
2025-12-23,2811,198,18
2025-12-24,2821,164,7
2025-12-25,2836,142,6
2025-12-26,2849,173,8
2025-12-29,2852,225,6
2025-12-30,2859,181,9
2026-01-05,2867,259,13
2026-01-06,2877,441,3
2026-01-07,2889,384,3
2026-01-08,2897,307,4
2026-01-09,2906,264,3
2026-01-13,2921,592,8
2026-01-14,2938,489,7
2026-01-15,2939,589,11
2026-01-16,2942,557,11
2026-01-19,2952,402,9
2026-01-20,2958,203,2
2026-01-21,2975,84,22
2026-01-22,2963,298,11
2026-01-23,2949,350,1
2026-01-26,2954,87,11
2026-01-27,2938,72,19
2026-01-28,2938,78,27
2026-01-29,2919,86,40
2026-01-30,2904,119,20
2026-02-02,2907,195,23
2026-02-03,2898,212,18
2026-02-04,2894,361,49
2026-02-05,2890,457,21
2026-02-06,2895,322,42
2026-02-09,2908,665,23
2026-02-10,2914,584,8
2026-02-12,2921,722,7
2026-02-13,2926,290,50
2026-02-16,2944,275,55
2026-02-17,2941,250,45
2026-02-18,2942,297,26
2026-02-19,2950,351,29
2026-02-20,2953,196,46
2026-02-24,2962,375,79
2026-02-25,2967,408,27
2026-02-26,2979,316,8
2026-02-27,2981,463,6
2026-03-02,2992,258,14
2026-03-03,2997,182,64
2026-03-04,3018,15,138
2026-03-05,3019,73,3
2026-03-06,3020,40,9
2026-03-09,3030,15,56
2026-03-10,3019,47,1
2026-03-11,3005,92,4
2026-03-12,3003,38,10
2026-03-13,2995,28,22
2026-03-16,2986,47,24
2026-03-17,2968,63,16
2026-03-18,2956,69,8
2026-03-19,2954,39,51
2026-03-23,2958,16,123
2026-03-24,2962,23,11
2026-03-25,2964,44,3
2026-03-26,2960,44,13
2026-03-27,2966,55,10
2026-03-30,2964,24,92
2026-03-31,2960,28,17
2026-04-01,2949,46,7
2026-04-02,2918,70,10
2026-04-03,2912,38,10
2026-04-06,2910,75,8
2026-04-07,2886,76,8
2026-04-08,2887,130,4
2026-04-09,2883,102,8
2026-04-10,2879,93,17
2026-04-13,2873,68,26
2026-04-14,2863,89,21
2026-04-15,2867,110,17
2026-04-16,2866,76,12
2026-04-17,2861,51,10
2026-04-20,2835,64,9
2026-04-21,2830,76,17
2026-04-22,2807,47,32
2026-04-23,2796,35,82
2026-04-24,2778,44,89
2026-04-27,2765,55,104
2026-04-28,2763,50,50
2026-04-30,2763,71,105
2026-05-01,2753,56,101
2026-05-07,2759,156,62
2026-05-08,2759,122,58
2026-05-11,2767,188,72
2026-05-12,2770,178,93
2026-05-13,2778,118,76
2026-05-14,2784,168,159
2026-05-15,2800,146,122
2026-05-18,2813,91,183
2026-05-19,2827,100,37
2026-05-20,2826,63,138
2026-05-21,2841,107,57
2026-05-22,2845,94,68
2026-05-25,2846,136,132
2026-05-26,2855,124,116
2026-05-27,2858,124,147
2026-05-28,2855,71,85
2026-05-29,2850,135,37
2026-06-01,2862,97,198
2026-06-02,2856,45,264
2026-06-03,2861,88,189
2026-06-04,2850,64,142
2026-06-05,2838,68,24
2026-06-08,2830,23,97
2026-06-09,2836,58,74
2026-06-10,2828,81,140
2026-06-11,2811,21,161
2026-06-12,2809,45,79
2026-06-15,2798,91,53
2026-06-16,2791,43,94
2026-06-17,2774,59,35
2026-06-18,2766,108,47
2026-06-19,2766,114,76
2026-06-22,2766,100,60
2026-06-23,2760,70,101
2026-06-24,2751,24,73
2026-06-25,2746,63,55
2026-06-26,2745,48,74
2026-06-29,2747,53,40
2026-06-30,2736,56,19
2026-07-01,2736,59,18
2026-07-02,2738,72,2
2026-07-03,2736,91,5
2026-07-06,2725,105,2
2026-07-07,2730,121,4
2026-07-08,2725,80,5
2026-07-09,2711,33,4
2026-07-10,2717,52,1
2026-07-13,2710,58,3
2026-07-14,2711,54,3
2026-07-15,2712,85,4
2026-07-16,2714,70,8
2026-07-17,2725,32,27
2026-07-21,2712,54,2
2026-07-22,2710,52,3
2026-07-23,2709,62,5
2026-07-24,2707,51,13
2026-07-27,2700,128,6
2026-07-28,2691,71,12
2026-07-29,2693,125,28
2026-07-30,2690,68,14
2026-07-31,2679,63,8
2026-08-03,2676,49,15
2026-08-04,2676,49,12
2026-08-05,2675,71,18
2026-08-06,2675,111,8
2026-08-07,2677,115,11
2026-08-10,2683,132,10
2026-08-12,2687,97,7
2026-08-13,2707,127,5
2026-08-14,2731,175,5
2026-08-17,2743,120,11
2026-08-18,2727,119,2
2026-08-19,2727,42,15
2026-08-20,2729,64,5
2026-08-21,2727,87,6
2026-08-24,2738,101,3
2026-08-25,2738,75,4
2026-08-26,2732,89,2
2026-08-27,2724,91,5
2026-08-28,2733,123,6
2026-08-31,2740,144,2
2026-09-01,2743,144,3
2026-09-02,2743,42,7
2026-09-03,2741,70,8
2026-09-04,2745,34,6
2026-09-07,2738,56,7
2026-09-08,2737,37,10
2026-09-09,2728,22,16
2026-09-10,2723,28,21
2026-09-11,2706,36,38
2026-09-14,2693,61,16
2026-09-15,2699,58,10
2026-09-16,2689,71,7
2026-09-17,2691,110,10
2026-09-18,2695,76,13
2026-09-24,2709,71,12
2026-09-25,2713,115,7
2026-09-28,2719,124,8
2026-09-29,2735,34,36
2026-09-30,2728,54,36
2026-10-01,2721,39,36
2026-10-02,2710,52,61
