ticker,name,market,sector,close,chg_pct,volume,turnover_jpy,day_high,prior_52w_high,dist_pct
4398.T,"BroadBand Security,Inc.",Standard,Information & Communication,2322.0,20.81,811200,1883606400,2322.0,1922.0,20.81
4073.T,"Global Communication Planning Co.,Ltd.",Growth,Information & Communication,901.0,19.97,1650800,1487370800,901.0,875.0,2.97
6193.T,"Virtualex Holdings,Inc.",Growth,Services,1225.0,15.46,521300,638592500,1360.0,1247.0,-1.76
3042.T,SecuAvail Inc.,Standard,Information & Communication,453.0,9.42,9731900,4408550700,494.0,438.0,3.42
4493.T,"Cyber Security Cloud,Inc.",Growth,Information & Communication,2858.0,9.17,44735900,127855202200,3120.0,2618.0,9.17
3077.T,"Horiifoodservice Co.,Ltd.",Standard,Retail Trade,1523.0,8.71,53400,81328200,1560.0,1526.0,-0.2
173A.T,Hammock Inc.,Growth,Information & Communication,1762.0,7.44,75200,132502400,1888.0,1850.0,-4.76
5537.T,"AlbaLink Co.,Ltd.",Growth,Real Estate,4010.0,6.37,110400,442704000,4100.0,3990.0,0.5
5985.T,SUNCALL CORPORATION,Standard,Metal Products,2877.0,6.04,1513600,4354627200,2934.0,2732.0,5.31
3131.T,SHINDEN HIGHTEX CORPORATION,Standard,Wholesale Trade,8700.0,5.97,49000,426300000,8800.0,8330.0,4.44
319A.T,Next Generation Technology Group Inc.,Growth,Metal Products,23910.0,4.87,76100,1819551000,24940.0,23290.0,2.66
7740.T,"Tamron Co.,Ltd.",Prime,Precision Instruments,1550.0,4.66,1346500,2087075000,1565.0,1486.0,4.31
3762.T,TECHMATRIX CORPORATION,Prime,Information & Communication,2737.0,4.27,707800,1937248600,2738.0,2637.0,3.79
7358.T,Poppins Corporation,Standard,Services,1910.0,2.85,31400,59974000,1938.0,1918.0,-0.42
6135.T,"Makino Milling Machine Co.,Ltd.",Prime,Machinery,3385.0,2.27,1286100,4353448500,3420.0,3320.0,1.96
4461.T,DKS Co.Ltd.,Prime,Chemicals,16730.0,2.26,183300,3066609000,16770.0,16400.0,2.01
4021.T,Nissan Chemical Corporation,Prime,Chemicals,9045.0,1.87,861000,7787745000,9124.0,8926.0,1.33
4768.T,OTSUKA CORPORATION,Prime,Information & Communication,3743.0,1.85,1697200,6352619600,3770.0,3722.0,0.56
3132.T,"MACNICA HOLDINGS,INC.",Prime,Wholesale Trade,4420.0,1.59,1505100,6652542000,4488.0,4372.0,1.1
6785.T,"SUZUKI CO.,LTD.",Prime,Electric Appliances,3570.0,1.56,65900,235263000,3595.0,3545.0,0.71
6912.T,KIKUSUI HOLDINGS CORPORATION,Standard,Electric Appliances,2911.0,1.53,15000,43665000,2956.0,2920.0,-0.31
8563.T,"THE DAITO BANK,LTD.",Standard,Banks,1350.0,1.5,86400,116640000,1360.0,1337.0,0.97
4431.T,"Smaregi,Inc.",Growth,Information & Communication,3835.0,1.46,118600,454831000,3900.0,3825.0,0.26
4203.T,"Sumitomo Bakelite Company,Limited",Prime,Chemicals,9433.0,1.43,984400,9285845200,9471.0,9329.0,1.11
8876.T,"Relo Group,Inc.",Prime,Services,2370.0,1.3,490200,1161774000,2379.5,2355.0,0.64
5136.T,"tripla Co.,Ltd.",Growth,Information & Communication,2577.0,1.22,81600,210283200,2629.0,2619.0,-1.6
6652.T,IDEC CORPORATION,Prime,Electric Appliances,4175.0,1.21,186200,777385000,4215.0,4170.0,0.12
3105.T,Nisshinbo Holdings Inc.,Prime,Electric Appliances,2812.0,1.19,722400,2031388800,2837.0,2808.0,0.14
9344.T,Axis Consulting Corporation,Growth,Services,1462.0,1.11,13300,19444600,1477.0,1468.0,-0.41
9824.T,"SENSHU ELECTRIC CO.,LTD.",Prime,Wholesale Trade,8420.0,1.08,60200,506884000,8490.0,8370.0,0.6
7713.T,"SIGMA KOKI CO.,LTD.",Standard,Precision Instruments,2724.0,0.89,68700,187138800,2800.0,2748.0,-0.87
6340.T,SHIBUYA CORPORATION,Prime,Machinery,5860.0,0.86,64200,376212000,5920.0,5830.0,0.51
4258.T,AMIYA Corporation,Growth,Information & Communication,6060.0,0.83,298500,1808910000,6420.0,6350.0,-4.57
6080.T,"M&A Capital Partners Co.,Ltd.",Prime,Services,4410.0,0.57,69500,306495000,4430.0,4410.0,0.0
6890.T,Ferrotec Corporation,Standard,Electric Appliances,12170.0,0.33,1245300,15155301000,12330.0,12170.0,0.0
5033.T,Nulab Inc.,Growth,Information & Communication,1241.0,0.24,29200,36237200,1279.0,1277.0,-2.82
2760.T,TOKYO ELECTRON DEVICE LIMITED,Prime,Wholesale Trade,4810.0,0.21,185300,891293000,4855.0,4800.0,0.21
7161.T,"Jimoto Holdings,Inc.",Standard,Banks,691.0,0.14,284300,196451300,714.0,708.0,-2.4
338A.T,"ZenmuTech,Inc.",Growth,Information & Communication,4990.0,0.1,5297800,26436022000,5690.0,4985.0,0.1
7133.T,"HYUGA PRIMARY CARE Co.,Ltd.",Growth,Retail Trade,2105.0,0.05,88000,185240000,2106.0,2105.0,0.0
6724.T,SEIKO EPSON CORPORATION,Prime,Electric Appliances,3366.0,-0.03,1344000,4523904000,3384.0,3368.0,-0.06
5301.T,"TOKAI CARBON CO.,LTD.",Prime,Glass and Ceramics Products,2376.0,-0.17,1305500,3101868000,2423.0,2408.0,-1.33
6794.T,"Foster Electric Company,Limited",Prime,Electric Appliances,3505.0,-0.28,214400,751472000,3580.0,3545.0,-1.13
4746.T,"Toukei Computer Co.,Ltd.",Standard,Information & Communication,2004.0,-0.4,225600,452102400,2025.0,2023.0,-0.94
5208.T,"Arisawa Mfg.Co.,Ltd.",Prime,Chemicals,2938.0,-0.41,219600,645184800,2996.0,2978.0,-1.34
4471.T,"SANYO CHEMICAL INDUSTRIES,LTD.",Prime,Chemicals,1700.0,-0.41,411900,700230000,1725.0,1719.0,-1.11
3040.T,SOLITON SYSTEMS K.K.,Prime,Information & Communication,2841.0,-0.42,544600,1547208600,3025.0,2916.0,-2.57
6302.T,"SUMITOMO HEAVY INDUSTRIES,LTD.",Prime,Machinery,6224.0,-0.65,923300,5746619200,6390.0,6384.0,-2.51
6958.T,CMK CORPORATION,Prime,Electric Appliances,825.0,-0.72,651600,537570000,845.0,836.0,-1.32
6837.T,"KYOSHA CO.,LTD.",Standard,Electric Appliances,441.0,-0.9,64800,28576800,456.0,450.0,-2.0
6857.T,ADVANTEST CORPORATION,Prime,Electric Appliances,41290.0,-1.34,14150500,584274145000,41990.0,41900.0,-1.46
5832.T,"Chugin Financial Group,Inc.",Prime,Banks,3803.0,-1.4,403300,1533749900,3873.0,3868.0,-1.68
7184.T,"THE FIRST BANK OF TOYAMA,LTD.",Prime,Banks,3765.0,-1.44,205900,775213500,3835.0,3825.0,-1.57
8344.T,"The Yamagata Bank,Ltd.",Prime,Banks,5700.0,-1.55,165200,941640000,6000.0,5840.0,-2.4
8395.T,THE BANK OF SAGA LTD.,Prime,Banks,7110.0,-1.8,54300,386073000,7280.0,7270.0,-2.2
8418.T,"Yamaguchi Financial Group,Inc.",Prime,Banks,3532.0,-2.0,479300,1692887600,3618.0,3615.0,-2.3
8362.T,"The Fukui Bank,Ltd.",Prime,Banks,8410.0,-2.1,131000,1101710000,8750.0,8650.0,-2.77
7167.T,"Mebuki Financial Group,Inc.",Prime,Banks,1692.5,-2.28,2538000,4295565000,1743.5,1742.0,-2.84
8714.T,"Senshu Ikeda Holdings,Inc.",Prime,Banks,1143.0,-2.31,883400,1009726200,1180.0,1173.0,-2.56
9934.T,"INABA DENKISANGYO CO.,LTD.",Prime,Wholesale Trade,3123.0,-2.31,197200,615855600,3225.0,3197.0,-2.31
8388.T,"The Awa Bank,Ltd.",Prime,Banks,2261.0,-2.33,623200,1409055200,2336.0,2330.0,-2.96
4475.T,HENNGE K.K.,Growth,Information & Communication,1752.0,-2.34,1405600,2462611200,1866.0,1830.0,-4.26
8346.T,"The Toho Bank,Ltd.",Prime,Banks,1124.0,-2.52,1075000,1208300000,1165.0,1158.0,-2.94
8364.T,"THE SHIMIZU BANK,LTD.",Prime,Banks,3260.0,-2.54,38400,125184000,3380.0,3345.0,-2.54
6570.T,Kyowa Corporation,Standard,Services,4550.0,-2.57,89500,407225000,4825.0,4735.0,-3.91
8361.T,"The Ogaki Kyoritsu Bank,Ltd.",Prime,Banks,1871.0,-2.81,789200,1476593200,1944.0,1934.0,-3.26
7384.T,"Procrea Holdings,Inc.",Prime,Banks,5830.0,-2.83,153500,894905000,6070.0,6040.0,-3.48
8544.T,"The Keiyo Bank,Ltd.",Prime,Banks,2956.0,-2.92,308600,912221600,3060.0,3050.0,-3.08
7380.T,"Juroku Financial Group,Inc.",Prime,Banks,2849.0,-2.96,530900,1512534100,2940.0,2936.0,-2.96
2492.T,Infomart Corporation,Prime,Services,732.0,-3.05,3597300,2633223600,768.0,764.0,-4.19
5133.T,Terilogy Holdings Corporation,Standard,Information & Communication,360.0,-3.23,3247200,1168992000,408.0,395.0,-8.86
8338.T,"Tsukuba Bank,Ltd.",Prime,Banks,832.0,-3.26,2033600,1691955200,886.0,862.0,-3.48
2962.T,"TECNISCO,LTD.",Standard,Metal Products,2760.0,-9.21,788900,2177364000,3160.0,3120.0,-11.54
